TIME_PERIOD,REF_AREA,GDP,GDP_Growth_Rate
1980,AUS,155.158908760606,3.33986584500624
1980,AUT,79.4219965139266,1.73148542003554
1980,BEL,101.283010634728,4.47950122103899
1980,CAN,286.868678620479,2.17719921419924
1980,CHE,101.802428648214,4.60197737233717
1980,COL,61.0950462984513,4.15612226994243
1980,DEU,814.846532056071,1.40882865960016
1980,DNK,50.6138898737172,-0.482986397905799
1980,ESP,264.285938817662,2.20872812298243
1980,FIN,44.0063340356138,5.38904746801987
1980,FRA,533.860717812622,1.57874527928073
1980,GBR,485.846575971988,-2.03136778764367
1980,GRC,84.1033445387892,0.677131068534079
1980,IRL,22.4486774800407,3.07932919777102
1980,ISL,2.83660174627833,5.74792071024507
1980,ISR,33.4986641122423,1.67044165937136
1980,ITA,553.259823354617,3.43001638198643
1980,JPN,1050.47108990389,2.81759120758104
1980,KOR,91.5853387697199,-1.64568764044438
1980,LUX,4.68004492810714,0.840882927073436
1980,MEX,364.222660701853,8.32411389843002
1980,NLD,152.581698901803,3.25100416936548
1980,NOR,40.3021701344923,4.5642429885892
1980,NZL,26.509747146555,1.28428267191334
1980,PRT,56.6593984414442,4.58934013695125
1980,SWE,93.3491185058159,1.69997141828128
1980,TUR,182.464680262701,-2.4457892082703
1980,USA,2857.307,-0.256775736225362
1981,AUS,178.431331235316,3.32521416670675
1981,AUT,86.8115756817192,-0.144294507155641
1981,BEL,110.556923812088,-0.279283619223017
1981,CAN,324.81380209589,3.41506518679111
1981,CHE,113.219572624633,1.6013358701195
1981,COL,68.528285090308,2.4706974289583
1981,DEU,896.669048877806,0.52924053982538
1981,DNK,55.0339955546558,-0.666124081082161
1981,ESP,288.909836446036,-0.132468616771249
1981,FIN,48.8041397920872,1.31587885374919
1981,FRA,590.622468923708,1.069019827828
1981,GBR,527.628718985393,-0.787743836281843
1981,GRC,90.6309477657698,-1.55372122389946
1981,IRL,25.38990307652,3.32521579477502
1981,ISL,3.23743312044838,4.26500710375187
1981,ISR,38.6266669169725,5.33992694825307
1981,ITA,610.722797630975,0.84422762871652
1981,JPN,1198.85975253852,4.26062449362539
1981,KOR,107.515659972189,7.24617628510611
1981,LUX,5.09465311632296,-0.550950513724131
1981,MEX,433.743585708527,8.79403195962846
1981,NLD,165.710416826953,-0.783611603337132
1981,NOR,44.8207397128815,1.59834392279891
1981,NZL,29.7561961753512,4.65466266770554
1981,PRT,63.0241526067271,1.61810349301916
1981,SWE,102.646702384222,0.454830446796248
1981,TUR,209.474127286913,4.85516034753564
1981,USA,3207.041,2.53770126586744
1982,AUS,182.042926545161,-2.22447001663274
1982,AUT,94.0289016538154,2.01125437466051
1982,BEL,118.085865694743,0.594986944531083
1982,CAN,333.88938815814,-3.1661502658748
1982,CHE,118.640469855209,-1.30941744148856
1982,COL,73.582394706621,1.12730169851253
1982,DEU,948.308498357371,-0.394840747565163
1982,DNK,60.5871917176607,3.68457289476815
1982,ESP,310.583093988487,1.24646172075571
1982,FIN,53.4299824957545,3.10808869307026
1982,FRA,642.824369325514,2.50539658034415
1982,GBR,571.402954210682,1.99489122986835
1982,GRC,95.1404151760824,-1.13264752853767
1982,IRL,27.5741490455334,2.28346845346068
1982,ISL,3.51151300858673,2.1545662418718
1982,ISR,41.8674590944775,2.08249997265472
1982,ITA,651.136791987095,0.413585662198255
1982,JPN,1314.67730232479,3.27974274271184
1982,KOR,123.676870932894,8.33807808691536
1982,LUX,5.47061091426101,1.13129699873561
1982,MEX,457.284876107102,-0.707068650801747
1982,NLD,173.76535912261,-1.24075676832773
1982,NOR,47.7018734862234,0.235322431843404
1982,NZL,33.183453889459,0.930118712519887
1982,PRT,68.3469026403152,2.13537527402142
1982,SWE,110.349390706177,1.24866467651455
1982,TUR,230.300811694475,3.562828267506
1982,USA,3343.789,-1.80301378017963
1983,AUS,196.748099358816,4.5917108538037
1983,AUT,100.616870580859,2.9730880104165
1983,BEL,123.093701353239,0.311842729140574
1983,CAN,355.992912794172,2.56225360665304
1983,CHE,124.075267905949,0.639079457997202
1983,COL,77.7728169507605,1.71109476900458
1983,DEU,1000.94705758094,1.57241014799154
1983,DNK,64.594756125526,2.59607192385981
1983,ESP,328.460989510072,1.77011576459573
1983,FIN,57.2531311843793,3.11658151416628
1983,FRA,676.291435557299,1.240864906831
1983,GBR,618.852278469949,4.22185634719646
1983,GRC,97.8004637194524,-1.07862237370918
1983,IRL,28.5841671840278,-0.244301147913776
1983,ISL,3.57055413082891,-2.15116170128198
1983,ISR,44.9686834402001,3.35910154924574
1983,ITA,684.551744049622,1.16920349694201
1983,JPN,1415.76510364733,3.63019857255489
1983,KOR,145.712222221154,13.3761744903694
1983,LUX,5.85480861054076,2.98907679147201
1983,MEX,454.782504052633,-4.29585790728982
1983,NLD,184.309126884763,2.06995806102771
1983,NOR,51.5396842730316,3.97300738250756
1983,NZL,36.1043813145009,3.49217897417243
1983,PRT,70.9009489769383,-0.173113066150162
1983,SWE,116.851031377002,1.90063868844903
1983,TUR,251.193278576776,4.96905781976638
1983,USA,3634.038,4.58379097983199
1984,AUS,212.02337904944,5.27852845706781
1984,AUT,104.300283192657,0.051275236201942
1984,BEL,130.680048826349,2.46638265896655
1984,CAN,390.628604453416,5.8985694633093
1984,CHE,132.418954875828,3.00845641095845
1984,COL,83.0080154377659,3.01492852239887
1984,DEU,1066.33388952419,2.82294783400546
1984,DNK,69.7133379917244,4.16613796721728
1984,ESP,346.384378032676,1.78468752795063
1984,FIN,61.2392103364428,3.23769199585604
1984,FRA,711.296538015635,1.51372157298027
1984,GBR,655.7276612764,2.26910515299726
1984,GRC,103.366108236764,2.01058040291761
1984,IRL,30.9049647606051,4.35437251321247
1984,ISL,3.85212099125319,4.12911822800853
1984,ISR,47.0258403081606,0.933213700583789
1984,ITA,732.127658104166,3.2258523786438
1984,JPN,1531.54236612261,4.4108801535633
1984,KOR,166.898807338001,10.5516403549853
1984,LUX,6.44133451995031,6.18693927535072
1984,MEX,488.150280562324,3.59957354480385
1984,NLD,196.804991958937,3.06167903418298
1984,NOR,56.6310010469223,6.05238136645432
1984,NZL,39.9960522786767,4.79300917789494
1984,PRT,72.0778361055832,-1.87997958429478
1984,SWE,126.187230865455,4.2295352472417
1984,TUR,277.778946628574,6.71178399497663
1984,USA,4037.613,7.23645316716272
1985,AUS,229.157473678345,3.96573209130946
1985,AUT,110.287269617362,2.49867850447027
1985,BEL,137.039564188535,1.65179284282242
1985,CAN,422.072898174321,4.73768079152077
1985,CHE,141.6250095507,3.67359591829425
1985,COL,88.2208924546801,3.02191533971114
1985,DEU,1125.66473812097,2.32793522267206
1985,DNK,74.7974036115656,4.00375176740256
1985,ESP,365.633981292968,2.32143585687879
1985,FIN,65.4179140692182,3.54889658723026
1985,FRA,745.698725997107,1.62278135045625
1985,GBR,704.520495812154,4.14741500771819
1985,GRC,109.311072034027,2.50955654977655
1985,IRL,32.8660833259886,3.08561495002173
1985,ISL,4.10479762054699,3.29284138718905
1985,ISR,50.4714583959133,4.03694030478472
1985,ITA,776.414193155196,2.7980857269971
1985,JPN,1661.50032505135,5.15980790464174
1985,KOR,185.673603755145,7.83886402174089
1985,LUX,6.83054819166648,2.79170617611896
1985,MEX,517.547940918789,2.77226945202522
1985,NLD,208.267356068749,2.58017980912332
1985,NOR,61.6663310761191,5.55340492253017
1985,NZL,41.2970292238715,1.61466146148758
1985,PRT,76.4447945864258,2.80743959385175
1985,SWE,132.990161383469,2.16037374302425
1985,TUR,298.710626921522,4.2415822164106
1985,USA,4338.979,4.16957534780627
1986,AUS,240.013840745345,2.56255135941762
1986,AUT,115.097605586528,2.30139277197375
1986,BEL,142.347616605602,1.82276212750608
1986,CAN,439.808702030275,2.12148084912221
1986,CHE,147.162498240365,1.85863278983205
1986,CHL,41.4187910696402,
1986,COL,95.1897852556429,5.76930214472961
1986,DEU,1174.60080962224,2.28733926805143
1986,DNK,80.0458218249718,4.90417842344759
1986,ESP,385.132294652655,3.25332171907397
1986,FIN,68.5743480115818,2.75563345861494
1986,FRA,778.496403974039,2.33727638388951
1986,GBR,741.350623317687,3.15034058555255
1986,GRC,112.089748693585,0.517660081534688
1986,IRL,33.3843629190263,-0.428330522765607
1986,ISL,4.45004084033163,6.27054195990336
1986,ISR,53.6453183545802,4.19014459102048
1986,ITA,814.702827235467,2.85997188765683
1986,JPN,1750.79413932651,3.29404761336117
1986,KOR,210.868182938985,11.3272611963066
1986,LUX,7.66380009907852,9.98393479407624
1986,MEX,508.151655732296,-3.75391988098602
1986,NLD,218.382910193065,2.78697585476746
1986,NOR,65.4510510930561,4.04211223349559
1986,NZL,43.4111003888558,-3.61354092167758
1986,PRT,81.2136129736293,4.14095566190733
1986,SWE,139.319727893706,2.69132318774629
1986,TUR,326.085798346514,7.01528812230498
1986,USA,4579.631,3.46265504853928
1987,AUS,261.086930846396,5.75390778607943
1987,AUT,119.544445943851,1.35716801209112
1987,BEL,149.232269330035,2.30665942919178
1987,CAN,469.040522321688,4.07201569280838
1987,CHE,153.192472128548,1.58547816719492
1987,CHL,45.2418068524883,6.59427373903576
1987,COL,103.009868711688,5.60421446229644
1987,DEU,1220.52341369467,1.40215157742052
1987,DNK,82.2337650018319,0.254266245819971
1987,ESP,416.547929651537,5.54712261951087
1987,FIN,72.7820937046778,3.57482613830206
1987,FRA,818.184630008736,2.56190031572688
1987,GBR,800.6505082348,5.39273831060769
1987,GRC,112.266949391316,-2.25886347675511
1987,IRL,35.805133498748,4.66309109443736
1987,ISL,4.94978384595695,8.54593975128227
1987,ISR,58.8966972916423,7.13971135297496
1987,ITA,861.49693280091,3.19196061880131
1987,JPN,1877.49260389696,4.64886139745612
1987,KOR,243.576231212828,12.7236921193269
1987,LUX,8.16359402209541,3.95097795008717
1987,MEX,530.380383975676,1.85574699185194
1987,NLD,228.104913379018,1.93124851953083
1987,NOR,68.2455947989853,1.75349698815641
1987,NZL,44.2175268364467,1.81885636552164
1987,PRT,88.53258779536,6.3813938753664
1987,SWE,147.552949430597,3.35384297171425
1987,TUR,365.847705739975,9.48427815792173
1987,USA,4855.215,3.45462966726373
1988,AUS,283.187111703054,3.87864970607135
1988,AUT,127.840305891577,3.29588022411287
1988,BEL,161.793505005545,4.72320890020776
1988,CAN,507.000422974549,4.41083906278239
1988,CHE,163.794358711205,3.27759625237389
1988,CHL,50.2621124393571,7.3112845782704
1988,COL,111.458759349627,4.51528981674432
1988,DEU,1310.42017344992,3.70723566575277
1988,DNK,85.1229164471013,-0.0136011571466
1988,ESP,453.21016074587,5.09432422315847
1988,FIN,79.2805183273343,5.21715032265727
1988,FRA,887.222022765121,4.74314217495908
1988,GBR,876.408387984884,5.73241363415007
1988,GRC,121.210735368597,4.28786166341951
1988,IRL,39.0021293332741,5.21741419477117
1988,ISL,5.11978574784643,-0.089726032042164
1988,ISR,62.748594390255,2.91001621177954
1988,ITA,929.294596250363,4.19437726879356
1988,JPN,2073.20322502323,6.66163652216325
1988,KOR,282.397396609696,11.9877155593824
1988,LUX,9.16683766086473,8.46328283912331
1988,MEX,555.92776061382,1.24543805834805
1988,NLD,244.277610224874,3.44121890071448
1988,NOR,70.472648873271,-0.255126895859871
1988,NZL,45.9931305976089,2.12551269234722
1988,PRT,98.5196843659618,7.48910805764351
1988,SWE,156.666892247543,2.55903870352369
1988,TUR,386.773582377184,2.12035222593637
1988,USA,5236.438,4.17698239554726
1989,AUS,299.877258506757,3.57912304997304
1989,AUT,138.01614949048,3.88707477850492
1989,BEL,173.969305443677,3.46916681332629
1989,CAN,539.084222189884,2.33732976267691
1989,CHE,177.587358334174,4.33079405317899
1989,CHL,57.7484408334649,10.5602336118304
1989,COL,119.941139204277,3.55078559722933
1989,DEU,1414.85617400439,3.89655172413793
1989,DNK,89.0307642671761,0.64518742861415
1989,ESP,493.711805469195,4.82703029848587
1989,FIN,86.5798161166313,5.08714367418199
1989,FRA,962.054790746467,4.34386106957621
1989,GBR,934.242602420146,2.5776027635066
1989,GRC,130.749193843539,3.79999999845917
1989,IRL,42.8875971360223,5.8139195483298
1989,ISL,5.33424927374513,0.258439854243348
1989,ISR,65.5833403589986,0.574746846166245
1989,ITA,998.448683852285,3.38838351079508
1989,JPN,2260.60504737416,4.92578541311285
1989,KOR,314.225056160746,7.07289360531416
1989,LUX,10.4595933120806,9.79806145649185
1989,MEX,601.976537154261,4.19829316317538
1989,NLD,265.075136473984,4.42025313326576
1989,NOR,73.9957901324458,1.03825235459402
1989,NZL,48.200520509823,0.451933984703773
1989,PRT,108.976053886954,6.44063890127941
1989,SWE,167.131039256038,2.65480691002004
1989,TUR,402.95626816907,0.25164110645501
1989,USA,5641.58,3.67223783532349
1990,AUS,304.395003253864,-0.381874771857903
1990,AUT,149.404750195607,4.34564153855745
1990,BEL,186.143981762498,3.1374024554929
1990,CAN,560.18487707798,0.202947852662667
1990,CHE,191.004985860495,3.67462563310589
1990,CHL,62.1253811767478,3.69757879184883
1990,COL,165.518190425485,4.38346582107002
1990,CZE,131.400315717271,
1990,DEU,1544.95287243584,5.25500608474389
1990,DNK,93.7260664827178,1.47524426112958
1990,ESP,531.561101060614,3.78139345958415
1990,FIN,90.4228316708551,0.670275844289765
1990,FRA,1027.25052929466,2.92393513429326
1990,GBR,976.326048983584,0.733755494811517
1990,GRC,135.643567702697,0
1990,IRL,48.2600349482158,8.4665279551079
1990,ISL,5.59863990831152,1.16937033164967
1990,ISR,73.0154799644247,7.31519916281627
1990,ITA,1056.3930541685,1.98577490281079
1990,JPN,2458.75772146272,4.84092905722211
1990,KOR,358.187125374639,9.8775525016936
1990,LUX,11.4284031810761,5.31993217861122
1990,MEX,656.162564792315,5.06830640908369
1990,NLD,286.50127909465,4.18312722494962
1990,NOR,78.2490339149819,1.93229132787366
1990,NZL,49.5449848938729,0.668475984044007
1990,POL,235.819942722926,
1990,PRT,117.521665536825,3.95052333196337
1990,SVN,24.7198860404608,
1990,SWE,174.695814195121,0.754674752504077
1990,TUR,456.729302070181,9.25530761064776
1990,USA,5963.144,1.88596558335224
1991,AUS,314.167650389412,0.427678437851656
1991,AUT,159.773106099127,3.44162741410245
1991,BEL,195.96647518009,1.83307429747977
1991,CAN,567.047864297772,-2.09105511652819
1991,CHE,195.655909021668,-0.915816571306228
1991,CHL,69.3450875909,7.96990055088666
1991,COL,175.888406643983,2.78922117976258
1991,CRI,17.0459401442482,
1991,CZE,120.065764652383,-11.6149423582311
1991,DEU,1678.788609768,5.10826150935464
1991,DNK,98.2460282031334,1.39363400675642
1991,ESP,563.528450098778,2.54600056616082
1991,FIN,87.9781341630433,-5.88632806942666
1991,FRA,1073.12120528443,1.04817582548237
1991,GBR,998.20876826375,-1.10312162664506
1991,GRC,144.577864914925,3.10000000160161
1991,HUN,86.3028637951835,
1991,IRL,50.8548112942136,1.92963953755211
1991,ISL,5.77503504858757,-0.223525510944011
1991,ISR,81.3167249606954,7.72611515269715
1991,ITA,1108.9194040839,1.53844755361889
1991,JPN,2631.46751182654,3.52335723539514
1991,KOR,410.211321570766,10.7780561268967
1991,LUX,12.8361857306535,8.64419051938638
1991,MEX,706.994139471688,4.22225071565872
1991,NLD,303.414257035315,2.43903824577847
1991,NOR,83.3903930659209,3.08443858463823
1991,NZL,50.9029613995239,-1.59405080697691
1991,POL,226.691185028938,-7.01557881010029
1991,PRT,126.803164433277,4.36820646896762
1991,SVN,23.2813563372926,-8.90010720516758
1991,SWE,178.533937764577,-1.1459748621924
1991,TUR,476.549784011899,0.926516178539531
1991,USA,6158.129,-0.1083128819133
1992,AUS,334.839064528483,4.04515704898814
1992,AUT,166.835310526934,2.09352473143973
1992,BEL,203.500305586031,1.5306548101036
1992,CAN,585.19162030518,0.890466185756504
1992,CHE,200.027217040747,-0.043732992989748
1992,CHL,79.6336370281203,12.2780235118884
1992,COL,187.674793224095,4.32361454462283
1992,CRI,19.0385604926105,9.20110373218765
1992,CZE,122.179912977857,-0.506542350812382
1992,DEU,1750.06684850043,1.923076559054
1992,DNK,102.4514666017,1.95700670162846
1992,ESP,581.726498599049,0.929215435874287
1992,FIN,87.0184404003782,-3.29466006575715
1992,FRA,1115.13070336797,1.59934269375225
1992,GBR,1025.05194032899,0.401082052803849
1992,GRC,148.907773162887,0.699999999893907
1992,HUN,85.5648936039729,-3.0641803451787
1992,IRL,53.7527100670857,3.34327424356009
1992,ISL,5.70735908089164,-3.37389414345583
1992,ISR,89.6232302859693,7.75926611708136
1992,ITA,1143.65296552735,0.834275466956059
1992,JPN,2715.67501084502,0.900586066460883
1992,KOR,445.566678518405,6.19864279836372
1992,LUX,13.3676080155568,1.81965275949876
1992,MEX,749.344963693252,3.62865879795982
1992,NLD,315.623247688439,1.70607677206836
1992,NOR,88.3394693530616,3.5744589496928
1992,NZL,52.7364118176243,1.31281372386784
1992,POL,237.688445478143,2.51497862528599
1992,PRT,131.105868707014,1.08947647303408
1992,SVK,38.1133519343071,
1992,SVN,22.510906979219,-5.46369884892782
1992,SWE,180.486947790276,-1.15859273795325
1992,TUR,516.577240346168,5.98428270927191
1992,USA,6520.327,3.52249717698844
1993,AUS,355.949857398185,3.9797061752988
1993,AUT,171.689608401211,0.526809459820243
1993,BEL,206.320140532005,-0.961873090754415
1993,CAN,615.002847416826,2.65770688949278
1993,CHE,204.510564747563,-0.125983545903098
1993,CHL,87.216512461431,6.98626405981007
1993,COL,203.125828006075,5.72678994032685
1993,CRI,20.8730691327283,7.09719124001133
1993,CZE,125.153418928531,0.06190425005238
1993,DEU,1774.04862051541,-0.976849818160517
1993,DNK,104.891122044747,0.010687655596018
1993,ESP,589.372690835099,-1.03149177446552
1993,EST,8.67737750882545,
1993,FIN,88.4913585206617,-0.661998030419083
1993,FRA,1134.38644233756,-0.628666370560463
1993,GBR,1075.47616976614,2.48983095570168
1993,GRC,149.998395010487,-1.59999999984948
1993,HUN,87.0884378263306,-0.576108517285924
1993,IRL,56.5084880677488,2.69260917204557
1993,ISL,5.91938292465088,1.31344946568413
1993,ISR,95.52463065689,4.11675639105955
1993,ITA,1160.77709269633,-0.852805754338837
1993,JPN,2767.27921069586,-0.459219716319888
1993,KOR,487.498211363556,6.87747412868557
1993,LUX,14.2593017066647,4.20064799511093
1993,MEX,792.462834209315,3.30538584627068
1993,NLD,327.168004374886,1.25761644470496
1993,NOR,93.0064114329683,2.84518273226812
1993,NZL,56.9499852034215,6.4644924774505
1993,POL,252.41861786921,3.73831031543568
1993,PRT,131.471168550622,-2.04327704141989
1993,SVK,39.7586040225986,1.9013272929582
1993,SVN,23.6997422814079,2.84341799886297
1993,SWE,180.948563030719,-2.06561638374913
1993,TUR,571.350083445912,8.04202023148689
1993,USA,6858.559,2.7517958662618
1994,AUS,381.647452781034,3.88316480376133
1994,AUT,179.568169136459,2.40211876654045
1994,BEL,217.526017549269,3.22697146873079
1994,CAN,656.36711247476,4.49404928307164
1994,CHE,211.529973626418,1.26975769658802
1994,CHL,94.1636890115769,5.70811909242457
1994,COL,219.097573775627,5.60781193807081
1994,CRI,22.2822014792325,4.51902837679215
1994,CZE,131.544827134771,2.90930946159462
1994,DEU,1855.27154217412,2.3918920705133
1994,DNK,112.843713460947,5.33246265700004
1994,ESP,616.30414348865,2.38319531291303
1994,EST,8.71711362512782,-1.6424243849754
1994,FIN,93.9628708939427,3.96305242370121
1994,FRA,1185.93518008417,2.35840841864928
1994,GBR,1140.68834338117,3.84600917304659
1994,GRC,156.265526444441,2.00000000076475
1994,HUN,91.5695863902463,2.94715455676755
1994,IRL,61.0371705955014,5.7558270007262
1994,ISL,6.2639708806778,3.60885793453476
1994,ISR,104.811426065851,7.4278452566499
1994,ITA,1211.06637901398,2.15102364777217
1994,JPN,2856.99279445674,1.08338317449811
1994,KOR,544.057830290037,9.26866633778376
1994,LUX,15.1202697148868,3.82092122772894
1994,LVA,14.8353909465021,
1994,MEX,844.950714948455,4.39412790266554
1994,NLD,344.049024200218,2.96108427701403
1994,NOR,99.7946240801887,5.05527398129418
1994,NZL,61.7632238124774,5.80263539198473
1994,POL,271.454129834736,5.29280205383045
1994,PRT,135.574206941678,0.964838232018279
1994,SVK,43.1275372123779,6.20553028279279
1994,SVN,25.4953948299069,5.32748754978437
1994,SWE,192.075666845916,3.92997283681698
1994,TUR,551.713755279335,-5.45566286312329
1994,USA,7287.236,4.02902272603258
1995,AUS,404.102992243738,3.86393433962627
1995,AUT,188.224842695924,2.66798366438829
1995,BEL,227.383562981541,2.38475722188076
1995,CAN,688.183628229977,2.68232829774568
1995,CHE,217.004051549316,0.480866444114153
1995,CHL,106.355368229944,10.6275772073861
1995,COL,235.604405249645,5.32544030867337
1995,CRI,23.694437377786,4.15395304306729
1995,CZE,143.033991631089,6.50081351746904
1995,DEU,1923.42355224054,1.54414649556445
1995,DNK,118.698013446835,3.02758731062768
1995,ESP,646.578329374779,2.75749403223649
1995,EST,9.30277289165952,4.52668163430887
1995,FIN,99.9785529371124,4.21686746987952
1995,FRA,1236.31018703568,2.10662917982879
1995,GBR,1194.09143744126,2.53167002323031
1995,GRC,162.892198902442,2.09971977455526
1995,HUN,94.8822610705085,1.48952547541334
1995,IRL,68.3209482292869,9.63442230853985
1995,ISL,6.4027758168341,0.116583706184788
1995,ISR,114.074954277217,6.60292483806366
1995,ITA,1272.15585698067,2.88683673643165
1995,JPN,2993.64474278745,2.63099961636854
1995,KOR,608.871841810833,9.61456539319965
1995,LTU,21.5078142531885,
1995,LUX,15.6584200791792,1.43220024473586
1995,LVA,13.7023198896628,
1995,MEX,811.682194017016,-5.91029961669
1995,NLD,362.208681398885,3.11597841094514
1995,NOR,106.121284866804,4.15559224332756
1995,NZL,65.6993577087834,3.95298628901026
1995,POL,296.413064072586,6.95185662166714
1995,PRT,144.345161513675,4.28278040332109
1995,SVK,46.6048789380081,5.84349537521526
1995,SVN,27.0991019730721,4.10716039546463
1995,SWE,203.820342557433,3.93519292606445
1995,TUR,603.789820993291,7.19121856302368
1995,USA,7639.749,2.68443073360764
1996,AUS,424.472904014485,3.91318943203035
1996,AUT,195.409961807524,2.34953385169726
1996,BEL,230.928943011929,1.32145093041325
1996,CAN,712.130958490873,1.6889612028707
1996,CHE,222.747307474053,0.47128003743569
1996,CHL,116.331728760832,7.41350623702945
1996,COL,243.728278989138,1.58805180549344
1996,CRI,24.4541181722868,1.35045949149574
1996,CZE,151.475231861698,4.26541664546847
1996,DEU,1971.69980797872,0.805822891490007
1996,DNK,124.908902938289,2.90009972862436
1996,ESP,677.084576893654,2.66056160429644
1996,EST,9.75244238196156,4.94301465172132
1996,FIN,102.90573785723,3.66717982978476
1996,FRA,1275.80600504255,1.41299368771585
1996,GBR,1276.09161151782,2.58202259297444
1996,GRC,171.271217471328,2.86212888870356
1996,HUN,96.3999054307346,0.082413297607508
1996,IRL,74.4741814005503,7.37962363385975
1996,ISL,6.66026259704738,4.56712354663201
1996,ISR,122.982111560421,5.86972000871486
1996,ITA,1310.68124609512,1.26678480191714
1996,JPN,3143.99214462941,3.13387099273071
1996,KOR,668.944044023033,7.89070332600667
1996,LTU,22.9903050728212,5.15846470607762
1996,LUX,16.4478194047961,1.39807448266821
1996,LVA,14.2688340111103,2.58801533086383
1996,MEX,877.940787662294,6.21829713625995
1996,NLD,380.605309405026,3.49874221272048
1996,NOR,117.491285419566,5.02796426577113
1996,NZL,68.8241964300416,3.4151936206322
1996,POL,319.623854148757,6.11554281136426
1996,PRT,150.118359210295,3.5042473975217
1996,SVK,50.5321044297294,6.61989812050715
1996,SVN,28.4439624606488,3.20300214753526
1996,SWE,211.527419410974,1.57945640649924
1996,TUR,656.954888943878,7.00531942699008
1996,USA,8073.122,3.77277269138068
1997,AUS,450.962700937303,4.66325162994434
1997,AUT,202.563719738717,2.09359938952392
1997,BEL,241.579448930501,3.79365762950187
1997,CAN,755.4160331656,4.28016686248263
1997,CHE,232.005819605115,2.26132529075494
1997,CHL,127.084972914858,7.39173926780252
1997,COL,255.851335202094,3.19451714074949
1997,CRI,26.2380453817641,5.47616577614379
1997,CZE,152.727011613121,-0.518331043362061
1997,DEU,2015.4419262384,1.7921608209459
1997,DNK,131.722042289851,3.26089019956226
1997,ESP,717.405706626757,3.70249462716614
1997,EST,11.1653660478859,13.0500141167826
1997,FIN,111.999411931071,6.333795654184
1997,FRA,1333.59586355685,2.33629649899135
1997,GBR,1345.0909846359,4.92492859763599
1997,GRC,182.869952741364,4.48419912993298
1997,HUN,101.083709504821,3.1431221936127
1997,IRL,83.1541341188797,11.0217649091095
1997,ISL,7.28469732897216,5.7716124352785
1997,ISR,129.799827233663,3.75452000783276
1997,ITA,1358.05432787707,1.83021223388438
1997,JPN,3229.58892670056,0.981228732127476
1997,KOR,722.468658580905,6.17055242658977
1997,LTU,25.2699133281656,8.31092012691743
1997,LUX,17.817293827681,5.41983329431435
1997,LVA,15.7801170216708,8.83691278400259
1997,MEX,957.371742937574,7.19887614694315
1997,NLD,406.067950876541,4.32905331896874
1997,NOR,126.002326418663,5.28460659472806
1997,NZL,72.3253761053079,3.1585336610515
1997,POL,345.33375842436,6.44900307851656
1997,PRT,159.578146270283,4.40086727536692
1997,SVK,54.2865459703936,5.92583708362997
1997,SVN,30.3453494742175,5.04979421573641
1997,SWE,219.393313381453,3.07052659296375
1997,TUR,717.35445236264,7.52880095109319
1997,USA,8577.552,4.44712793805329
1998,AUS,478.69165279426,5.02764746946789
1998,AUT,212.779597692755,3.58142581460447
1998,BEL,248.634506143014,1.96180827198426
1998,CAN,793.682050281063,3.89288653082822
1998,CHE,240.727941523257,3.02996923854058
1998,CHL,133.88845987511,4.18088662724911
1998,COL,260.294469127437,0.604256576406348
1998,CRI,28.4319120326725,7.15530857915253
1998,CZE,154.185180604023,-0.356566596194503
1998,DEU,2079.47738792555,2.01393278519326
1998,DNK,136.922455586291,2.21815870049864
1998,ESP,768.127558172417,4.39310073452256
1998,EST,11.713742857394,4.33983296490853
1998,FIN,121.502906171428,5.45718050065876
1998,FRA,1405.90812345654,3.58865943570675
1998,GBR,1385.42479464008,3.41426991491751
1998,GRC,193.330191988076,3.89490478248541
1998,HUN,106.752095063066,3.90000450119636
1998,IRL,93.1602554529127,8.76612322375893
1998,ISL,7.87088002827424,7.36280095683197
1998,ISR,136.595646834133,4.06431999649305
1998,ITA,1423.85825339651,1.81061516197621
1998,JPN,3224.45131274534,-1.27033049461573
1998,KOR,693.124625418306,-5.12944816520963
1998,LTU,27.5516929742878,7.47576355417391
1998,LUX,18.8002613369567,6.67451218969963
1998,LVA,17.0344063114648,6.33593778412593
1998,MEX,1028.02810267011,6.18507894489027
1998,NLD,435.227403025963,4.66391723506918
1998,NOR,124.960331387725,2.66868662298908
1998,NZL,73.7064101215433,1.24434306967014
1998,POL,366.82695634417,4.64051496169572
1998,PRT,169.542592951729,4.8079634783107
1998,SVK,57.2631323107142,4.07609747887875
1998,SVN,31.8169180495394,3.27936846078804
1998,SWE,229.130970054304,4.31183635326268
1998,TUR,558.260596589969,3.09186336866534
1998,USA,9062.817,4.48313335029331
1999,AUS,510.947993369058,3.92151782931302
1999,AUT,220.639938967822,3.55633124664171
1999,BEL,260.168781323525,3.54274346363065
1999,CAN,846.421343455295,5.14100352259274
1999,CHE,248.201011727148,1.66270111746306
1999,CHL,135.403718380623,-0.273631397756054
1999,COL,250.260312428908,-5.19099130031366
1999,CRI,30.0478189098507,4.21481117097138
1999,CZE,158.333514437881,1.38414894342924
1999,DEU,2158.51584094768,1.88726115399445
1999,DNK,141.846299445566,2.94802217173126
1999,ESP,805.891269819726,4.49055337840639
1999,EST,11.694817859686,-0.425027764218456
1999,FIN,127.934785508198,4.37957572274556
1999,FRA,1470.52388555021,3.42137381816596
1999,GBR,1437.33933637748,3.06617612445575
1999,GRC,198.71193899443,3.07259666766257
1999,HUN,111.315201299046,3.0710268664908
1999,IRL,101.534478582932,10.5298864769843
1999,ISL,8.19870048439995,4.03492353433898
1999,ISR,143.122939973756,3.32250999716734
1999,ITA,1457.19310982657,1.62572759935459
1999,JPN,3258.97175524363,-0.33392995768735
1999,KOR,783.492526099428,11.4669424267425
1999,LTU,27.5620201265597,-1.14157196312392
1999,LUX,21.4568955162472,8.17518156276316
1999,LVA,17.7035148511611,2.75617421644549
1999,MEX,1071.23688767713,2.75503039317257
1999,NLD,462.796454985267,5.03404811137041
1999,NOR,136.417338814029,2.0720471707588
1999,NZL,78.9232291971617,5.18740672712662
1999,POL,388.183910352692,4.65489185182124
1999,PRT,181.041019490342,3.90657713284256
1999,SVK,57.8138836672497,-0.105914962121694
1999,SVN,33.8768462043328,5.33266660350024
1999,SWE,243.339591664527,4.24718414367549
1999,TUR,546.532203121528,-3.26316842049966
1999,USA,9631.172,4.78842504949371
2000,AUS,539.14552207966,2.02512731541894
2000,AUT,235.377699345216,3.37572214708478
2000,BEL,284.862732501609,3.71667938420875
2000,CAN,901.003290005973,5.13853916346077
2000,CHE,263.627580243341,3.95871985092396
2000,CHL,145.355726470737,4.9716214885003
2000,COL,262.505613208725,2.56919775707546
2000,CRI,31.9173900538402,3.86871808933175
2000,CZE,166.517019188594,4.00102863502944
2000,DEU,2236.35741734016,2.91250296366708
2000,DNK,153.042813383425,3.74686261519951
2000,ESP,875.73839968846,5.24594382377804
2000,EST,13.163079493395,10.0876369856523
2000,FIN,138.660875174208,5.7733624584817
2000,FRA,1589.4474257164,3.92366920282092
2000,GBR,1562.40865710023,4.31872700640524
2000,GRC,210.91500068178,3.91977075401283
2000,HUN,121.047828797625,4.47919473197572
2000,IRL,114.952324273353,9.40352433228894
2000,ISL,8.37509307203871,4.98504276166171
2000,ISR,161.814573267107,8.62593999809598
2000,ITA,1541.75651765331,3.78695514323978
2000,JPN,3461.199210634,2.76464755146092
2000,KOR,871.475638408737,9.06083332508533
2000,LTU,29.5603562748594,3.69552558173449
2000,LUX,24.0507240789163,6.93813024939333
2000,LVA,19.036299336469,5.67574131186165
2000,MEX,1154.35111666653,5.02928400587236
2000,NLD,507.623548711308,4.19564248222972
2000,NOR,166.105119991246,3.31894567098156
2000,NZL,82.9436628999444,2.27071197631748
2000,POL,408.3526276967,4.56098540978282
2000,PRT,194.263635028864,3.81617788142071
2000,SVK,61.3128821572772,1.16652651824112
2000,SVN,35.8076245040596,3.67236926738878
2000,SWE,262.809960349283,4.7663488714872
2000,TUR,609.011362774308,6.9332396774876
2000,USA,10250.952,4.07758576006953
2001,AUS,569.807996054505,3.97963375579749
2001,AUT,238.949141487225,1.26716818922992
2001,BEL,296.21813252669,1.0996188877785
2001,CAN,937.793044451286,1.87509812231511
2001,CHE,273.454238143838,1.57566198482281
2001,CHL,153.318301088942,3.154034924374
2001,COL,272.923486473482,1.67792799873178
2001,CRI,33.7758509449719,3.4911698947184
2001,CZE,180.080574167245,3.04297656257043
2001,DEU,2336.83694627435,1.6814684809708
2001,DNK,157.794792856397,0.82315302070991
2001,ESP,937.760302150938,3.93300276489272
2001,EST,14.3216159218829,6.00367405957301
2001,FIN,144.246876960065,2.61001912392074
2001,FRA,1687.2167387599,1.98372139949467
2001,GBR,1650.35689343103,2.57874108003976
2001,GRC,227.680928418035,4.13161205274862
2001,HUN,134.596491811279,4.07408803273855
2001,IRL,125.950282510799,5.30582205056534
2001,ISL,9.08633322300983,4.01349756926589
2001,ISR,165.742202227196,0.170500000683984
2001,ITA,1597.66850523872,1.95137155605239
2001,JPN,3552.84144146759,0.386103426155078
2001,KOR,934.349291978224,4.8523995715128
2001,LTU,32.760446434985,6.52610508310359
2001,LUX,24.7880082416234,3.07435499929875
2001,LVA,21.1448503108509,6.32350815882814
2001,MEX,1175.03591378841,-0.450845264419109
2001,NLD,532.572420500897,2.32695511358923
2001,NOR,170.770901605282,2.06713046054618
2001,NZL,87.392883576958,3.87968119518458
2001,POL,425.433445732624,1.25856946066569
2001,PRT,202.390926926921,1.9436724647839
2001,SVK,66.6422263232272,3.25378398108975
2001,SVN,37.757091942171,3.21656070272005
2001,SWE,266.31343320882,1.4494986179698
2001,TUR,595.895884222057,-5.75000647616422
2001,USA,10581.929,0.955538341886686
2002,AUS,600.908415126659,3.09068718165636
2002,AUT,251.984784314737,1.65155392186668
2002,BEL,312.90047533371,1.70688458453355
2002,CAN,971.009088234404,2.99925534033406
2002,CHE,281.956010147565,-0.073217202738883
2002,CHL,160.694762650722,3.20279913478584
2002,COL,284.117114542506,2.50386317968852
2002,CRI,35.474309778265,3.4168763903673
2002,CZE,186.119945994478,1.56985532822203
2002,DEU,2406.90090765903,-0.197973834771355
2002,DNK,164.720391042987,0.466345549901843
2002,ESP,1009.75333984203,2.73094832930996
2002,EST,16.0877474459458,6.77136697445317
2002,FIN,148.763802268175,1.70714896198065
2002,FRA,1762.92593480088,1.13553149003023
2002,GBR,1727.0321294243,1.7919856299693
2002,GRC,246.559281036739,3.92287184105107
2002,HUN,147.567883893821,4.74128654648269
2002,IRL,138.490841868544,5.89936540789571
2002,ISL,9.37529294369292,0.559519073961556
2002,ISR,171.106706262165,-0.121390006784767
2002,ITA,1639.68050056361,0.253942998968454
2002,JPN,3647.93324243362,0.041962499189853
2002,KOR,1019.44668575338,7.72514267547172
2002,LTU,36.0857705993829,6.75141856346804
2002,LUX,26.1350072492998,3.22541689972081
2002,LVA,23.2892904764167,7.08812865691006
2002,MEX,1194.40341145064,-0.236588007575649
2002,NLD,556.285464902309,0.217273559199433
2002,NOR,172.705277593204,1.37755700146496
2002,NZL,92.0262194784701,5.05033643227695
2002,POL,451.281404211194,2.03586304126273
2002,PRT,212.108895911685,0.770924127311273
2002,SVK,71.5785649220144,4.50944413787025
2002,SVN,40.3723295465398,3.50559954462523
2002,SWE,276.017771943106,2.19692106217461
2002,TUR,612.446633911483,6.44772205938589
2002,USA,10929.108,1.7004473278454
2003,AUS,639.129361382918,4.22432172716931
2003,AUT,261.071506715754,0.941470920725331
2003,BEL,320.981267619599,1.03798254902904
2003,CAN,1023.6865488067,1.80638513352183
2003,CHE,284.293180978954,-0.032398460133947
2003,CHL,171.6062434342,4.72324526900803
2003,COL,301.077682240249,3.91850743034724
2003,CRI,37.7361909888737,4.31717986617864
2003,CZE,199.18206714013,3.58368845880416
2003,DEU,2468.58099824608,-0.700116686114352
2003,DNK,166.148763560564,0.390058524980322
2003,ESP,1056.69531957151,2.98193631644672
2003,EST,18.0020678229525,7.60026502444863
2003,FIN,151.45423537494,2.00378420285062
2003,FRA,1753.70214381313,0.823160780035746
2003,GBR,1808.36801982554,3.1465725214688
2003,GRC,261.158098975546,5.79453126007109
2003,HUN,156.796359284069,4.07424974585209
2003,IRL,145.013780731747,3.01409167142152
2003,ISL,9.46764044095446,2.14268838852035
2003,ISR,164.972800341025,1.46500000669023
2003,ITA,1673.46241464883,0.138626890776506
2003,JPN,3753.91924595371,1.53512549942385
2003,KOR,1058.22273725278,3.1472911937341
2003,LTU,41.2161202228105,10.565953692464
2003,LUX,27.1880611519118,2.61937857939166
2003,LVA,25.3084783400985,8.42286220668569
2003,MEX,1242.55525125105,1.18554487853571
2003,NLD,554.118601394709,0.155646060859444
2003,NOR,176.590092357043,0.944909391118701
2003,NZL,96.600579674207,4.67185761957731
2003,POL,469.501376998039,3.4983912134025
2003,PRT,218.089864097384,-0.930521132341035
2003,SVK,76.2046146148948,5.49908307699157
2003,SVN,42.1369892529226,2.96026018621391
2003,SWE,285.020581071785,2.30981059032812
2003,TUR,641.097253437377,5.76320596930581
2003,USA,11456.45,2.79560596521232
2004,AUS,678.09351965799,3.15413925672789
2004,AUT,276.006321775726,2.73512022241022
2004,BEL,334.143283572156,3.57120434335821
2004,CAN,1083.61522981616,3.0923638326293
2004,CHE,296.889762976128,2.70170917914261
2004,CHL,187.973653074078,6.67425416764756
2004,COL,325.64698312282,5.33294166387408
2004,CRI,40.4636602939387,4.424599596886
2004,CZE,213.45258615871,4.81426100126959
2004,DEU,2585.62503311071,1.17508813160987
2004,DNK,178.022992570118,2.66821929326555
2004,ESP,1122.16607178082,3.12273351662625
2004,EST,19.8070591371595,6.80400370825426
2004,FIN,163.132753061779,3.99209129032087
2004,FRA,1822.28511440739,2.82975292719425
2004,GBR,1922.94136094608,2.42649656379917
2004,GRC,278.930943258495,5.06107897136996
2004,HUN,164.436279253518,5.00462069164915
2004,IRL,157.659723618519,6.78844810993353
2004,ISL,10.4028620574075,7.80239946891536
2004,ISR,177.329085770309,4.67990999435963
2004,ITA,1704.9213050118,1.42359415817908
2004,JPN,3938.95576552457,2.18611569441848
2004,KOR,1143.10556765554,5.19739136324381
2004,LTU,44.0060657740532,6.56949301396089
2004,LUX,29.6361837324346,4.23189130735582
2004,LVA,27.7888925131687,8.28414597787322
2004,MEX,1321.40167145671,3.56544100946846
2004,NLD,583.063536485985,1.98494569144858
2004,NOR,195.950283098744,4.01458801709728
2004,NZL,102.582021634763,3.24123273113709
2004,POL,509.887661101936,4.98284456986048
2004,PRT,225.177009046997,1.78873575347668
2004,SVK,81.8024339311071,5.27888071780146
2004,SVN,45.4551733050287,4.35919307499972
2004,SWE,304.517135814007,4.33685615384474
2004,TUR,735.785836569002,9.79593641986149
2004,USA,12217.196,3.84777169424154
2005,AUS,719.977551402679,2.75529824273127
2005,AUT,288.08672213109,2.2440653246388
2005,BEL,347.658438988226,2.32173705381927
2005,CAN,1171.34016249776,3.21045438879788
2005,CHE,308.825099887929,2.74969910649458
2005,CHL,205.184272360574,5.83704571980858
2005,COL,351.665953203857,4.7065589635162
2005,CRI,43.3920762552754,3.97666636814148
2005,CZE,225.620780769594,6.60161752988951
2005,DEU,2622.03980155837,0.731707163554188
2005,DNK,185.074465729346,2.33664132411281
2005,ESP,1205.12903829409,3.65208419190143
2005,EST,22.5365562237977,9.5264289859887
2005,FIN,168.146753293836,2.77985055556123
2005,FRA,1926.88038526639,1.66321999925136
2005,GBR,1976.69786759942,2.73884235892832
2005,GRC,281.028396273955,0.599142077329748
2005,HUN,172.572943624602,4.29427761009179
2005,IRL,168.336080864413,5.73955204412091
2005,ISL,11.0749259561844,6.12443901086575
2005,ISR,177.607495233158,4.21522000741514
2005,ITA,1746.65810988136,0.817848973650596
2005,JPN,4110.44048561126,1.80390087225164
2005,KOR,1213.61815697951,4.30854271411236
2005,LTU,48.211860357587,7.73236767026581
2005,LUX,31.9972139407148,2.48287474811473
2005,LVA,31.1503146803591,10.7203659565649
2005,MEX,1403.08587068295,2.1132471258639
2005,NLD,614.044119743756,2.05087608585147
2005,NOR,221.764780039477,2.68512289082248
2005,NZL,106.149151575549,3.1847205805003
2005,POL,530.377338929033,3.50683461435921
2005,PRT,238.691185528429,0.78184811549476
2005,SVK,89.4003171825224,6.62346125850533
2005,SVN,47.7165937527198,3.7979703845741
2005,SWE,309.212866602839,2.85880323990261
2005,TUR,815.102371188707,8.99230491501593
2005,USA,13039.197,3.48354993544559
2006,AUS,776.413102888867,3.77339268108835
2006,AUT,311.412986075043,3.45404183614121
2006,BEL,371.910192325717,2.55234994366352
2006,CAN,1241.61891119493,2.63794374844703
2006,CHE,346.323245214564,4.0736284839984
2006,CHL,256.070327751867,6.04999082561959
2006,COL,386.866634767529,6.71686869844402
2006,CRI,48.0082716456759,7.32669543215022
2006,CZE,244.95099952582,6.76693268125428
2006,DEU,2813.98919557364,3.816441912988
2006,DNK,202.995976934719,3.91300794439585
2006,ESP,1363.88681946051,4.10268574072706
2006,EST,26.0543000143335,9.76558281024568
2006,FIN,181.448725043629,4.02740965802573
2006,FRA,2065.68130452478,2.44932360012892
2006,GBR,2113.50438804662,2.38627540702106
2006,GRC,314.619944936996,5.65243369061356
2006,HUN,185.14836175329,3.94606688029319
2006,IRL,189.029924477453,4.98785352262814
2006,ISL,12.0601701880841,6.31699305327203
2006,ISR,185.766929023658,5.58090000245296
2006,ITA,1886.96975035385,1.79063968081795
2006,JPN,4300.32218840373,1.37235012761891
2006,KOR,1302.22799139326,5.26432659466725
2006,LTU,53.9006887101706,7.41411873993938
2006,LUX,37.2806637986734,6.01671504402741
2006,LVA,35.1816591437892,11.9718356939022
2006,MEX,1559.64757235129,4.80501352746851
2006,NLD,670.411391306442,3.46098899401191
2006,NOR,253.397182012716,2.46147313370329
2006,NZL,116.097158613451,2.28563285172436
2006,POL,577.925805477509,6.13113645855509
2006,PRT,259.717064503188,1.62503385475943
2006,SVK,101.62552352162,8.49317674533846
2006,SVN,51.6171880503847,5.74639719186617
2006,SWE,342.606786037538,4.66277355175126
2006,TUR,945.292204036775,6.94798811011926
2006,USA,13815.583,2.78453963817891
2007,AUS,826.927983916952,3.58622797986055
2007,AUT,327.170594829472,3.72741530093519
2007,BEL,391.020992238892,3.67688113594973
2007,CAN,1301.59385241524,2.04990462170888
2007,CHE,384.574493901461,3.91637565229273
2007,CHL,278.373990511463,5.16823098495473
2007,COL,424.094282045859,6.73819469090975
2007,CRI,53.3562571406402,8.21513198346369
2007,CZE,270.739151020981,5.57033885921026
2007,DEU,2985.91757745296,2.97645513131597
2007,DNK,213.078338956649,0.909238958730879
2007,ESP,1468.82695203083,3.60473846199818
2007,EST,29.7634303743961,7.57914157898306
2007,FIN,200.161833290312,5.2993365073902
2007,FRA,2184.81478301214,2.42473623836273
2007,GBR,2178.37549813809,2.62033122806272
2007,GRC,324.01777207346,3.27374688963894
2007,HUN,192.051584158713,0.277372772325799
2007,IRL,205.800511518233,5.31011819918537
2007,ISL,12.921528418143,8.45486011545435
2007,ISR,202.278543926933,6.02301000024542
2007,ITA,1995.60759649819,1.48707298036785
2007,JPN,4482.0812900739,1.48396941152032
2007,KOR,1414.98595053454,5.79954841503216
2007,LTU,61.7140115377506,11.1074823918855
2007,LUX,40.8614361519196,8.09866760660541
2007,LVA,40.1353860638546,9.941921627624
2007,MEX,1635.08122903342,2.07786393438754
2007,NLD,719.961538237658,3.77284251361506
2007,NOR,264.566360693877,2.91403998607174
2007,NZL,123.983967199456,3.81107526766481
2007,POL,640.678922108455,7.06153463356748
2007,PRT,271.364859381782,2.50657995404657
2007,SVK,114.088179532882,10.8320288129653
2007,SVN,55.6525324406821,6.9801623097829
2007,SWE,374.289054490739,3.43922177600065
2007,TUR,1043.00041351234,5.04350798265815
2007,USA,14474.228,2.00385829909157
2008,AUS,852.85935441846,1.89257360858259
2008,AUT,343.812976376139,1.46042367573859
2008,BEL,405.729429954402,0.446928735275908
2008,CAN,1342.39661346974,0.995406342461433
2008,CHE,411.512115042076,2.8079837028967
2008,CHL,275.754675578084,3.78939280620336
2008,COL,446.420184434204,3.2834461861654
2008,CRI,56.9562046726634,4.73817487793161
2008,CZE,290.50394654152,2.68641195092762
2008,DEU,3103.95824733752,0.959879133564831
2008,DNK,226.767494120469,-0.512016736108133
2008,ESP,1528.58375617881,0.887067045576427
2008,EST,30.4887615026911,-5.13199951133597
2008,FIN,212.980741903408,0.783995060876513
2008,FRA,2259.25584363909,0.254945946556523
2008,GBR,2271.08465674987,-0.225726971343705
2008,GRC,341.817829243487,-0.335172587412185
2008,HUN,208.0063368402,1.00394302900897
2008,IRL,198.299130053718,-4.48407076288585
2008,ISL,13.8799156328659,2.20949639370637
2008,ISR,204.628859086699,3.28624999172398
2008,ITA,2089.71730699174,-0.962012840579297
2008,JPN,4517.26752405057,-1.22428900063263
2008,KOR,1468.99608603985,3.01298487281168
2008,LTU,66.2709484217607,2.61442339638955
2008,LUX,44.452834764131,-0.300176194442668
2008,LVA,42.6172782704032,-3.24912072305602
2008,MEX,1730.73245715908,0.943331863036893
2008,NLD,763.40757450901,2.17032478963701
2008,NOR,295.97604962486,0.48191954123197
2008,NZL,127.057686712057,-1.70498539173885
2008,POL,697.829213978697,4.19998126444944
2008,PRT,281.542549468451,0.31924806064215
2008,SVK,127.626827227842,5.574886345113
2008,SVN,59.8395856760902,3.50984130285945
2008,SWE,388.68418957398,-0.450559256743358
2008,TUR,1139.54843481994,0.815024496498589
2008,USA,14769.862,0.113587248160993
2009,AUS,904.209157782541,2.22653807797505
2009,AUT,341.382981682185,-3.76457817791678
2009,BEL,407.550484127469,-2.02074306169407
2009,CAN,1307.00065826059,-2.91508625839376
2009,CHE,410.201394324324,-2.29737459491615
2009,CHL,271.327840535089,-1.11803723628683
2009,COL,454.401715457569,1.13964864548062
2009,CRI,56.8205859506081,-0.87345594285363
2009,CZE,289.930921944478,-4.65733109171756
2009,DEU,3015.21278303462,-5.69383633640286
2009,DNK,222.747658474773,-4.9065477283793
2009,ESP,1487.85378707671,-3.7631070424473
2009,EST,27.3272226369325,-14.629058737244
2009,FIN,202.723117338227,-8.0744474323113
2009,FRA,2243.84878480856,-2.87331385188506
2009,GBR,2181.12112934341,-4.6149574279805
2009,GRC,337.189734025962,-4.30073364850152
2009,HUN,207.690008958406,-6.5978672185017
2009,IRL,188.081369583512,-5.09578274249184
2009,ISL,13.3333108534158,-7.6638095281183
2009,ISR,209.38844470825,1.10812000805851
2009,ITA,2044.81213700215,-5.2809372082931
2009,JPN,4295.62898575386,-5.69323635885529
2009,KOR,1454.9944062423,0.792698989518188
2009,LTU,57.3001284285276,-14.8386107107027
2009,LUX,43.2440431852069,-3.23895402683187
2009,LVA,36.4582630652578,-14.2601400377132
2009,MEX,1701.56977100162,-6.29525055780503
2009,NLD,736.521818224437,-3.66688401379381
2009,NOR,268.56712839597,-1.94036469505112
2009,NZL,132.016500128201,2.03914443108238
2009,POL,734.012745656195,2.83218405318898
2009,PRT,279.615953411689,-3.12207960230278
2009,SVK,124.317736905541,-5.4555328671598
2009,SVN,56.1662213998078,-7.54843875696943
2009,SWE,374.528189766707,-4.33979057452935
2009,TUR,1112.43790891066,-4.82315387018165
2009,USA,14478.067,-2.57650023225001
2010,AUS,943.488216151735,2.40897178005686
2010,AUT,351.280997743671,1.83709367680053
2010,BEL,434.005976918227,2.86429270764154
2010,CAN,1363.5789745827,3.09080636493577
2010,CHE,425.928091639431,3.24339724197219
2010,CHL,307.855670416923,5.85165102260345
2010,COL,480.532035431786,4.49465897070922
2010,CRI,60.5858456201071,5.3603435261375
2010,CZE,291.996639523356,2.43490215904517
2010,DEU,3184.87975479903,4.17988249873658
2010,DNK,238.526048262158,1.87099111020392
2010,ESP,1475.42661282104,0.162919517758227
2010,EST,28.7808025366572,2.44426576048908
2010,FIN,208.901131968484,3.18595865407702
2010,FRA,2334.27326810554,1.94943763374247
2010,GBR,2290.19689918838,2.23868861807242
2010,GRC,310.377485098711,-5.47863383486814
2010,HUN,217.389466453525,1.07625404277669
2010,IRL,197.012285491335,1.68297167587589
2010,ISL,12.6479871433579,-2.83277492870174
2010,ISR,223.841421119934,5.63295999047626
2010,ITA,2083.74243612226,1.71329583916922
2010,JPN,4525.40130572976,4.09791791934613
2010,KOR,1572.68043951306,6.80482491783671
2010,LTU,62.2347474728639,1.65124067124999
2010,LUX,45.8012338818468,3.76041359255094
2010,LVA,37.1349225857752,-4.45556725998099
2010,MEX,1807.62679029447,4.97133458321951
2010,NLD,748.292706259627,1.34273944446643
2010,NOR,284.65037726465,0.787051845495431
2010,NZL,135.802278475603,0.918139429559561
2010,POL,794.607803658473,2.93463818052833
2010,PRT,288.193443894102,1.73762527658139
2010,SVK,136.934911535508,6.71663274983085
2010,SVN,56.9958285466726,1.34374848740912
2010,SWE,395.912738064185,5.95210700755609
2010,TUR,1268.55436731768,8.4271043293491
2010,USA,15048.971,2.69519258234852
2011,AUS,993.249916052179,3.91840962538337
2011,AUT,373.031477037945,2.9227972836858
2011,BEL,451.932625326013,1.69451389861333
2011,CAN,1430.8071253013,3.13719441180021
2011,CHE,454.911976787957,1.81310829235953
2011,CHL,349.147748238421,6.22389678479574
2011,COL,524.596546050097,6.94789198173556
2011,CRI,64.5677522415259,4.40315923980598
2011,CZE,304.400913769158,1.76035962445222
2011,DEU,3415.01996618233,3.92519270463412
2011,DNK,247.352237328693,1.33677777743228
2011,ESP,1489.59495248415,-0.814384776648928
2011,EST,32.5982451517768,7.26308584837979
2011,FIN,220.471170781031,2.54766483842629
2011,FRA,2446.47454363123,2.19270064934656
2011,GBR,2354.76978690388,1.14510154553583
2011,GRC,285.079560669524,-10.1493150404894
2011,HUN,229.643360222022,1.86683747544299
2011,IRL,206.639608001826,1.28074971882001
2011,ISL,13.0594339911214,1.84577917811016
2011,ISR,242.552855718064,5.56258000436258
2011,ITA,2173.16996050655,0.707333347034442
2011,JPN,4629.40046670807,0.023809523809524
2011,KOR,1625.27545563156,3.68566778212528
2011,LTU,69.298016997132,6.03901045506133
2011,LUX,48.970829501788,1.0442986945573
2011,LVA,39.6462531416786,2.57371236333378
2011,MEX,1989.88799576537,3.44404505794417
2011,NLD,777.880907319265,1.55118924522542
2011,NOR,309.370337368097,1.10565602733727
2011,NZL,143.366906771515,2.60900606864195
2011,POL,862.451785833411,5.04218788292944
2011,PRT,282.620909784065,-1.69616467151906
2011,SVK,141.755313410235,2.67145277909515
2011,SVN,59.3915547756937,0.861329108844536
2011,SWE,421.515997918224,3.1953332348894
2011,TUR,1454.11187155857,11.2001105598895
2011,USA,15599.732,1.56440685537307
2012,AUS,998.266252387952,2.60619844706028
2012,AUT,391.635176213279,0.680445576816718
2012,BEL,469.720335526115,0.73921728305867
2012,CAN,1468.09496502066,1.75566131368798
2012,CHE,475.340887585349,1.17925372892969
2012,CHL,374.316599761297,6.15534001842185
2012,COL,548.251361230083,3.91263576716114
2012,CRI,69.0738029908582,4.88259241028843
2012,CZE,307.490199151851,-0.785004299003616
2012,DEU,3487.23444829588,0.418497594217587
2012,DNK,250.524598645749,0.226499797192973
2012,ESP,1483.65409685287,-2.95892213230024
2012,EST,34.3848913672346,3.22820210864452
2012,FIN,221.285635895514,-1.39754572817782
2012,FRA,2474.00528726418,0.313134744595476
2012,GBR,2442.4634399653,1.51293675900143
2012,GRC,275.143683009695,-7.08669833696227
2012,HUN,230.821510873975,-1.25022602347064
2012,IRL,212.88342071837,-0.129690465097899
2012,ISL,13.4714984509881,1.06363656809491
2012,ISR,256.309663751931,2.54111999815338
2012,ITA,2172.38310814282,-2.98090576823772
2012,JPN,4799.61287980933,1.37475099913554
2012,KOR,1684.56292843408,2.40253099246186
2012,LTU,73.809156179838,3.84386446071956
2012,LUX,51.3087489076007,1.64990202978653
2012,LVA,43.3116842556348,7.04224716054506
2012,MEX,2103.28767689047,3.55321075993526
2012,NLD,792.041827624042,-1.03035400451975
2012,NOR,330.093372657475,2.71795926678981
2012,NZL,145.420389824423,2.58789499319106
2012,POL,897.877763202728,1.5452215712561
2012,PRT,277.991759433373,-4.05729384392278
2012,SVK,145.972535976325,1.3188022455628
2012,SVN,59.7456673678659,-2.63943870901004
2012,SWE,432.488302550355,-0.588304568990734
2012,TUR,1550.68848427474,4.78849265220676
2012,USA,16253.97,2.289113386319
2013,AUS,1105.43118044602,2.60740103188529
2013,AUT,406.370244527947,0.025504712197211
2013,BEL,487.343796470345,0.459242192907709
2013,CAN,1554.1227451258,2.3258135613525
2013,CHE,498.760657837062,1.79214413363982
2013,CHL,392.670388308178,3.30850824722449
2013,COL,585.888316327933,5.13399351995671
2013,CRI,73.2100571377524,2.49476611212569
2013,CZE,324.029978265443,-0.045903673551519
2013,DEU,3628.55933650201,0.437591303144667
2013,DNK,262.36812032762,0.933340957143759
2013,ESP,1512.56198289178,-1.40334186790638
2013,EST,36.1981540591515,1.45843016900159
2013,FIN,225.679983263181,-0.901696316194842
2013,FRA,2608.52350424151,0.576326680212847
2013,GBR,2562.19516496974,1.79232221783935
2013,GRC,284.949076392739,-2.51599854340063
2013,HUN,242.855183586191,1.80252210082266
2013,IRL,221.005186822039,1.17461552390804
2013,ISL,14.3782520881022,4.55246031627986
2013,ISR,279.898839284902,4.2307000050026
2013,ITA,2187.37660667904,-1.84106545088248
2013,JPN,5021.59110358793,2.00510017680304
2013,KOR,1726.90275332807,3.16470863647185
2013,LTU,79.0344460337529,3.55007120813271
2013,LUX,54.8386271345978,3.17179049916006
2013,LVA,45.56459406387,2.00796687876636
2013,MEX,2150.33415059664,0.852101559410617
2013,NLD,827.47578789229,-0.130175231179568
2013,NOR,342.254475158574,1.01619082409272
2013,NZL,160.995394977477,2.01683033529865
2013,POL,925.133245126483,0.856557080606446
2013,PRT,292.135198665347,-0.92264429895786
2013,SVK,151.678246486845,0.632740007294184
2013,SVN,61.7444340455689,-1.02928404529478
2013,SWE,444.616544297748,1.187775715906
2013,TUR,1703.66960151204,8.48581702279404
2013,USA,16880.683,2.11783009786468
2014,AUS,1118.58503633557,2.20181015336807
2014,AUT,417.059518667002,0.661272848852595
2014,BEL,503.619622677847,1.57853314322614
2014,CAN,1621.39670879107,2.87346677753097
2014,CHE,519.29987469693,2.34988129210752
2014,CHL,402.902197043233,1.79264947127379
2014,COL,618.792731935241,4.49903000110972
2014,CRI,79.2691296482131,3.54210987752424
2014,CZE,342.099836576658,2.26210289708078
2014,DEU,3807.11452079513,2.20954343134871
2014,DNK,270.330607154718,1.61939381227007
2014,ESP,1558.98638908385,1.39577536727975
2014,EST,38.0500855251818,3.01136295011405
2014,FIN,228.058636103383,-0.364908156882073
2014,FRA,2662.03287256973,0.956183044645356
2014,GBR,2666.66377261252,3.195782477606
2014,GRC,290.011379261251,0.475693828873837
2014,HUN,253.48463232233,4.23220980614269
2014,IRL,238.656914251201,8.8290006777379
2014,ISL,15.0587635538993,1.68721501718246
2014,ISR,285.199509365687,3.88552000042773
2014,ITA,2200.25640916337,-0.004547542363827
2014,JPN,5034.45461884727,0.296205514037829
2014,KOR,1792.6002372188,3.20245379457361
2014,LTU,82.646585316603,3.5370120923411
2014,LUX,58.5783120187559,2.62308601577193
2014,LVA,47.4831059839003,1.90217268380507
2014,MEX,2254.4355136445,2.50376350288663
2014,NLD,830.318429837928,1.42339540597139
2014,NOR,340.76525620572,2.04813199855085
2014,NZL,168.455555195198,3.63716662867563
2014,POL,962.317653716147,3.83695849351798
2014,PRT,298.951673040573,0.792189938481596
2014,SVK,157.298526339605,2.69718980707125
2014,SVN,63.6533924044319,2.76815811180457
2014,SWE,457.507757804919,2.65779827531642
2014,TUR,1860.47092008312,4.93971520522126
2014,USA,17608.138,2.5238198137262
2015,AUS,1125.70114836329,2.77914262537222
2015,AUT,430.975923683418,1.01450158590511
2015,BEL,520.87780673085,2.04145900919962
2015,CAN,1594.8508416668,0.649971004305851
2015,CHE,540.550995909045,1.64462761953944
2015,CHL,405.499679728348,2.15194249975525
2015,COL,624.11946518897,2.95590137527524
2015,CRI,85.2400840836363,3.6520809679451
2015,CZE,357.50388060583,5.38838083815308
2015,DEU,3889.08189562414,1.49193152760771
2015,DNK,278.748364796468,2.34259112124768
2015,ESP,1621.82500859091,3.83851887667483
2015,EST,38.3782350563351,1.85301957090886
2015,FIN,232.867601655232,0.543659211765489
2015,FRA,2718.49512651366,1.11291234158152
2015,GBR,2767.23419511464,2.22025830888311
2015,GRC,289.570643606436,-0.19609062446312
2015,HUN,263.781872536869,3.70731597936259
2015,IRL,325.443077840032,24.4752550619731
2015,ISL,16.2764499830066,4.43666372876759
2015,ISR,299.862536768941,2.31368999721418
2015,ITA,2240.92248309674,0.778304350716572
2015,JPN,5199.91522250181,1.56062669682572
2015,KOR,1933.58894731949,2.80910326824134
2015,LTU,83.7617166298002,2.02458369994791
2015,LUX,61.4372944317622,2.26978448419566
2015,LVA,49.38445562169,3.88526005426764
2015,MEX,2309.02386027876,2.70232342550647
2015,NLD,851.884696678878,1.95916969439022
2015,NOR,315.145019988746,1.85733972643304
2015,NZL,172.798050604054,4.24771461956148
2015,POL,1018.89656263161,4.38329863507277
2015,PRT,307.230007925817,1.79204630999446
2015,SVK,163.007449386742,5.16718160614154
2015,SVN,65.265908857275,2.21008171300033
2015,SWE,481.170723191827,4.48928158790491
2015,TUR,2022.39777807006,6.08448686088511
2015,USA,18295.019,2.94555045599772
2016,AUS,1213.2335454722,2.31870938698818
2016,AUT,460.282647343442,1.98943716230463
2016,BEL,550.677565516238,1.26668640902094
2016,CAN,1678.09339600419,1.03855091867276
2016,CHE,563.950470289219,2.06868967686401
2016,CHL,424.831690598839,1.75303874895976
2016,COL,665.39839049501,2.08738250162795
2016,CRI,93.4548562215693,4.204323251783
2016,CZE,381.420335137008,2.5372845203138
2016,DEU,4165.16990464866,2.22999986782016
2016,DNK,297.719060091614,3.24595697241492
2016,ESP,1734.11616110663,3.03777414172445
2016,EST,41.2010291517189,3.15556631436499
2016,FIN,246.928493255453,2.81145776663434
2016,FRA,2864.10563103921,1.09546439464689
2016,GBR,2892.2991737414,1.92106339132664
2016,GRC,296.466613556429,-0.487180701190416
2016,HUN,274.222711802257,2.20100189293856
2016,IRL,339.580360053042,1.76555613845352
2016,ISL,17.9394109303268,6.30368712489066
2016,ISR,325.370412190277,4.36719409148457
2016,ITA,2420.67214143756,1.29346273155909
2016,JPN,5158.90041425186,0.753826745851753
2016,KOR,2026.96782181043,2.94688171508626
2016,LTU,88.7007785287358,2.51882649548762
2016,LUX,65.9801140158656,4.97819043681628
2016,LVA,52.3624037681561,2.36861474664423
2016,MEX,2457.81263039224,1.77249323845398
2016,NLD,890.488555086729,2.19171371926123
2016,NOR,310.303321944078,1.16472423497284
2016,NZL,188.309844152619,3.83508054768027
2016,POL,1069.45906005856,2.95350884167718
2016,PRT,326.364378965496,2.01948567039439
2016,SVK,161.498697362594,1.94395086102337
2016,SVN,70.0793586963664,3.19185364147359
2016,SWE,500.423665164567,2.07059315052095
2016,TUR,2116.39830324264,3.32308423472219
2016,USA,18804.913,1.81945147620521
2017,AUS,1248.36672525453,2.90636311509866
2017,AUT,476.590587808314,2.25857243250671
2017,BEL,573.788528018338,1.6195802783878
2017,CAN,1765.7631539263,3.03383491533961
2017,CHE,576.360576043443,1.36279964662358
2017,CHL,450.891850347689,1.35769537349823
2017,COL,693.117074956623,1.35936086788746
2017,CRI,100.716906502792,4.15769896287717
2017,CZE,411.327859949405,5.16872430413072
2017,DEU,4386.72918795436,2.6802311140589
2017,DNK,319.130165366262,2.82173636438909
2017,ESP,1842.7704638635,2.97576072924862
2017,EST,44.5564823402309,5.79204232530564
2017,FIN,262.026563165296,3.19240962968416
2017,FRA,2983.01067279942,2.29141998505576
2017,GBR,3041.89184316554,2.65506970161844
2017,GRC,307.636012823394,1.09214300793236
2017,HUN,288.707447891179,4.27197601620695
2017,IRL,375.788610723165,9.31126036349415
2017,ISL,19.1062581452633,4.19494881030687
2017,ISR,342.7476647396,4.27334000086639
2017,ITA,2517.18446824531,1.66785904106857
2017,JPN,5262.25496650365,1.67533175169247
2017,KOR,2103.65125991613,3.15963574012776
2017,LTU,95.49250071105,4.28259833417489
2017,LUX,68.5701729661894,1.31718766293678
2017,LVA,55.6912914984453,3.31247593587458
2017,MEX,2528.30849158771,1.87172853327192
2017,NLD,943.739619479157,2.9109025788116
2017,NOR,340.837014059158,2.46374628510147
2017,NZL,203.167915029058,4.31697921517165
2017,POL,1137.65414837207,5.14001757409447
2017,PRT,340.37032495549,3.50634491232339
2017,SVK,163.951200074183,2.93806867784902
2017,SVN,75.4387090964511,4.81537918336787
2017,SWE,522.476824977506,2.56792452526475
2017,TUR,2264.26934009056,7.50199750036171
2017,USA,19612.102,2.45762230175086
2018,AUS,1326.19563826424,2.18110910610961
2018,AUT,503.361417005865,2.42538536088062
2018,BEL,600.26992593076,1.79294519302075
2018,CAN,1852.98775462096,2.74296343945575
2018,CHE,601.868007931115,2.86044575085521
2018,CHL,478.093904701523,3.99002947807102
2018,COL,747.103674534629,2.56432428277704
2018,CRI,106.583345100196,2.6159044044365
2018,CZE,437.355915636646,3.22008806955105
2018,DEU,4576.05653220903,0.981232606004729
2018,DNK,333.035355178444,1.989537322179
2018,ESP,1905.45002131386,2.28446941947621
2018,EST,48.1333657467247,3.78420493088555
2018,FIN,273.455993494947,1.13971801343048
2018,FRA,3125.37986037256,1.86506608964275
2018,GBR,3129.64776840258,1.40379207489106
2018,GRC,317.881480625546,1.6684215792797
2018,HUN,311.927136640991,5.36234836176223
2018,IRL,413.32413834906,8.47029463920055
2018,ISL,20.1748538351783,4.88917300587273
2018,ISR,355.910253565784,4.07455999641221
2018,ITA,2600.32687154865,0.92581094101274
2018,JPN,5344.06093665028,0.643391023547767
2018,KOR,2220.44228640143,2.90740377377135
2018,LTU,101.910429079109,3.99331027758152
2018,LUX,70.8252784293713,1.21932191856361
2018,LVA,59.5054919114958,3.99051924069269
2018,MEX,2606.26603820139,1.97208209405636
2018,NLD,996.447287760556,2.36091504931858
2018,NOR,373.182530707646,0.828900664137587
2018,NZL,208.272511535274,3.86766114240265
2018,POL,1216.24049350163,5.94520847705496
2018,PRT,359.198931966429,2.84932578475976
2018,SVK,170.864165096986,4.03038971425349
2018,SVN,80.8234751255847,4.45436573154242
2018,SWE,544.594070911457,1.95002284569983
2018,TUR,2303.77492959489,3.01317038051259
2018,USA,20656.516,2.96650506916597
2019,AUS,1360.0095493791,-0.334686359450148
2019,AUT,537.897798264513,1.45052918393193
2019,BEL,650.52359023384,2.2408353310314
2019,CAN,1899.69499135657,1.9084319151316
2019,CHE,632.274547794723,1.1419822479893
2019,CHL,492.242459031963,0.743130031048174
2019,COL,807.590595866731,3.18685539245534
2019,CRI,116.687612925556,2.41751181741532
2019,CZE,478.737949548295,3.02987866345278
2019,DEU,4840.3117737533,1.07547163576422
2019,DNK,353.443958974386,1.49348692563944
2019,ESP,2061.66181565988,1.9839662230883
2019,EST,52.8684103597743,4.03368661008535
2019,FIN,290.269755368991,1.22474892206223
2019,FRA,3452.96422835384,1.84297181388605
2019,GBR,3335.87832717771,1.64161101735749
2019,GRC,338.922204080824,1.87948515184446
2019,HUN,343.481048221832,4.86422573511891
2019,IRL,448.731770384596,5.29772631407179
2019,ISL,21.8226493714708,1.86117793564713
2019,ISR,373.231123665519,3.78509000231056
2019,ITA,2775.61258496008,0.483198316597163
2019,JPN,5404.46229298281,-0.402169200916061
2019,KOR,2270.6660712734,2.24397786011013
2019,LTU,113.380065472414,4.66567899472383
2019,LUX,75.2705161583291,2.91584791500049
2019,LVA,63.719807833675,0.587502383494087
2019,MEX,2638.76390104593,-0.251335754924083
2019,NLD,1059.59114509511,1.95558840136006
2019,NOR,379.377627829831,1.12377787436796
2019,NZL,224.879011194052,2.4765685129259
2019,POL,1347.31562774845,4.45003636363636
2019,PRT,389.285604183033,2.68276030431574
2019,SVK,185.132191589588,2.51125619776378
2019,SVN,89.274237135457,3.52267975289311
2019,SWE,588.258389644237,1.98619587380391
2019,TUR,2350.30788601276,0.818514515204282
2019,USA,21521.395,2.46703756422238
2020,AUS,1459.5832959951,2.11183088925152
2020,AUT,522.624594414939,-6.63299143662553
2020,BEL,643.353969792795,-5.2607791859752
2020,CAN,1847.83876476763,-5.03823341596652
2020,CHE,630.567343392379,-2.14173719539516
2020,CHL,491.47964286683,-6.14524685660587
2020,COL,785.737564322416,-7.1859141376086
2020,CRI,111.257806357318,-4.27335432159096
2020,CZE,469.877010238998,-5.50296796125089
2020,DEU,4815.44496934522,-3.82676871619293
2020,DNK,364.633334124088,-2.42451268496678
2020,ESP,1845.71454388109,-11.1672978596983
2020,EST,53.2411769060653,-0.965412262518236
2020,FIN,296.764000749152,-2.35496515679443
2020,FRA,3344.38562636609,-7.54045918061047
2020,GBR,3220.29593976841,-10.3599008201275
2020,GRC,311.203344572178,-9.31644061690917
2020,HUN,341.412544972613,-4.53555083281567
2020,IRL,483.914310331145,6.61719390490371
2020,ISL,20.3867663524749,-7.21567056322787
2020,ISR,378.291206127708,-1.46446999694053
2020,ITA,2627.33005277103,-8.97419212060698
2020,JPN,5358.32070445397,-4.14711889953114
2020,KOR,2340.03107449622,-0.709415359397677
2020,LTU,115.06032610521,-0.024613489152776
2020,LUX,76.9830484384335,-0.909829798886721
2020,LVA,64.107971659563,-3.51380284197906
2020,MEX,2453.576045275,-8.62455573080137
2020,NLD,1065.12451253802,-3.88608396724381
2020,NOR,361.019829989424,-1.27817178452259
2020,NZL,230.500432419697,0.067480499279446
2020,POL,1376.5713019875,-2.02011621505448
2020,PRT,369.405753081887,-8.30051643900485
2020,SVK,191.0571976131,-3.33549888710313
2020,SVN,88.3875362084193,-4.24088272615396
2020,SWE,597.293436954348,-2.17021317885871
2020,TUR,2391.48894621789,1.85987303965964
2020,USA,21322.95,-2.21346933250377
2021,AUS,1646.96078854807,4.26894639349867
2021,AUT,567.987283913177,4.23786673253257
2021,BEL,719.585059441119,6.85099562281209
2021,CAN,2133.08472187312,5.28695688126488
2021,CHE,710.318657367793,5.39188809765432
2021,CHL,568.192052846948,11.7374310650272
2021,COL,906.033717087335,10.8011981904878
2021,CRI,122.150307074536,7.93576224742543
2021,CZE,508.669668187123,3.55302130899084
2021,DEU,5153.13709024314,3.16381994194574
2021,DNK,409.262277044486,6.84452192744794
2021,ESP,2068.30438986739,6.40317361484542
2021,EST,59.4287802127605,7.24932647469067
2021,FIN,320.209118945703,2.83817960418033
2021,FRA,3648.07777981214,6.43520962016346
2021,GBR,3541.78066928082,8.67490408187011
2021,GRC,348.976455518342,8.37994406897124
2021,HUN,375.226721558436,7.08572084592274
2021,IRL,574.387150317778,15.1252193984843
2021,ISL,22.9030434771347,4.50773500493953
2021,ISR,433.318360899286,9.34435999790805
2021,ITA,2950.84018553709,8.3102399077017
2021,JPN,5599.03179108892,2.55932023856301
2021,KOR,2514.52065467086,4.3047348190697
2021,LTU,129.987049263318,6.28471070541844
2021,LUX,88.2951088712609,7.16840198697748
2021,LVA,69.3075469467833,6.73173527824665
2021,MEX,2677.52240685118,5.73920833768317
2021,NLD,1186.87018570552,6.19185718060452
2021,NOR,482.471585607692,3.90868677689417
2021,NZL,246.334269586327,4.6575864368035
2021,POL,1527.34988882302,6.93502776010381
2021,PRT,401.863050350481,5.73743700525681
2021,SVK,205.878604998701,4.78914645941861
2021,SVN,98.0300102440408,8.22849829257583
2021,SWE,660.102506768228,6.14702464708019
2021,TUR,2662.21310631633,11.4393957086487
2021,USA,23594.031,5.80020612754505
