TIME_PERIOD,Reference_Area,Female,Male,Life_Expectancy
1960,ARG,67.6,60.9,64
1960,AUS,73.9,67.9,
1960,AUT,71.9,65.4,68.7
1960,BEL,72.8,66.8,69.7
1960,BGR,71.1,67.5,69.3
1960,BRA,55.2,50.3,52.7
1960,CHE,74.1,68.7,71.4
1960,CHL,60.1,54.6,57.3
1960,CHN,34.6,32.1,33.3
1960,COL,58.3,52.2,55.2
1960,CRI,62,58.9,60.4
1960,CZE,73.5,67.8,70.7
1960,DEU,71.7,66.5,69.1
1960,DNK,74.4,70.4,72.4
1960,ESP,72.2,67.4,69.8
1960,EST,73.1,64.7,69.4
1960,FIN,72.5,65.5,69
1960,FRA,73.6,67,70.3
1960,GBR,73.7,67.9,70.8
1960,HUN,70.2,65.9,68.1
1960,IDN,47.9,45,46.5
1960,IND,44.5,45.9,45.2
1960,IRL,71.9,68.1,70
1960,JPN,70.2,65.3,67.8
1960,LUX,72.2,66.5,69.4
1960,MEX,59.2,55.8,
1960,NLD,75.4,71.5,73.5
1960,NOR,76,71.6,73.8
1960,PER,51.6,49.4,50.5
1960,POL,70.6,64.9,67.8
1960,PRT,66.7,61.1,64
1960,RUS,70.2,62.1,66.2
1960,SVK,72.7,67.9,70.3
1960,SWE,74.9,71.2,73.1
1960,TUR,50.3,46.3,48.3
1960,USA,73.1,66.6,69.7
1960,ZAF,54.8,50.9,52.7
1961,ARG,68,61.2,64.4
1961,AUS,74.4,68,
1961,AUT,72.8,66.5,69.7
1961,BEL,73.6,67.6,70.5
1961,BGR,72.3,68.5,70.4
1961,BRA,55.8,50.8,53.2
1961,CAN,74.2,68.4,
1961,CHE,74.6,68.9,71.8
1961,CHL,60.5,54.9,57.7
1961,CHN,42.1,39,40.5
1961,COL,58.7,52.6,55.6
1961,CRI,62.7,59.5,61
1961,CZE,73.6,67.7,70.7
1961,DEU,72.3,67,69.7
1961,EST,73.3,65.1,69.7
1961,FRA,74.4,67.5,71
1961,GBR,73.6,67.8,70.7
1961,GRC,73.8,70.2,72.1
1961,HUN,71.2,66.8,69
1961,IDN,48.5,45.7,47.1
1961,IND,44.7,46.1,45.4
1961,ISL,76.3,70.8,73.5
1961,ITA,72.3,67.2,69.8
1961,JPN,70.8,66,68.4
1961,MEX,59.8,56.5,
1961,NLD,75.9,71.6,73.8
1961,NOR,76.2,71.4,73.8
1961,NZL,73.8,68.4,71.1
1961,PER,52.2,50,51.1
1961,POL,70.8,64.9,67.8
1961,PRT,65.4,59.9,62.7
1961,RUS,70.8,62.6,66.7
1961,SVK,73.2,68.6,70.9
1961,SWE,75.4,71.6,73.5
1961,TUR,51,47,49
1961,USA,73.6,67.1,70.2
1961,ZAF,55.3,51.2,53.1
1962,ARG,68,61,64.2
1962,AUS,74.2,67.8,71
1962,AUT,72.5,66.3,69.4
1962,BEL,73.2,67.4,70.3
1962,BGR,71.5,67.8,69.6
1962,BRA,56.3,51.3,53.7
1962,CHE,74.1,68.4,71.3
1962,CHL,61,55.3,58.1
1962,CHN,53,48.8,50.8
1962,COL,59.2,53.1,56.1
1962,CRI,63.4,60,61.6
1962,CZE,72.9,66.9,70
1962,DEU,72.6,67.1,69.9
1962,EST,73.2,65.6,69.8
1962,FRA,73.9,67,70.5
1962,GRC,73.4,69.9,71.7
1962,HUN,70.1,65.7,67.9
1962,IDN,49.2,46.6,47.9
1962,IND,45,46.3,45.7
1962,ISL,76.2,71.4,73.7
1962,JPN,71.2,66.2,68.7
1962,MEX,60.5,57.1,
1962,NLD,75.7,71.1,73.4
1962,NOR,76.2,71.2,73.7
1962,NZL,73.9,68.4,71.2
1962,PER,52.4,50.2,51.3
1962,POL,70.5,64.5,67.5
1962,PRT,67,61.2,64.2
1962,RUS,71.3,63,67.1
1962,SVK,72.7,68,70.4
1962,SWE,75.4,71.3,73.4
1962,TUR,51.7,47.6,49.7
1962,USA,73.5,66.9,70.1
1962,ZAF,55.6,51.5,53.4
1963,ARG,68.3,61.2,64.4
1963,AUS,74.2,67.9,
1963,AUT,72.7,66.4,69.6
1963,BEL,73.1,67.1,70.1
1963,BGR,72.2,68.7,70.5
1963,BRA,56.8,51.8,54.2
1963,CHE,74.3,68.3,71.3
1963,CHL,61.5,55.7,58.6
1963,CHN,53.6,49.4,51.4
1963,COL,59.6,53.5,56.5
1963,CRI,64.1,60.5,62.2
1963,CZE,73.6,67.3,70.5
1963,DEU,72.8,67.2,70
1963,EST,73.6,65.4,69.9
1963,FIN,72.6,65.4,69
1963,FRA,74.1,66.8,70.5
1963,GRC,73.7,70.2,72
1963,HUN,71.3,66.6,69
1963,IDN,49.8,47.1,48.4
1963,IND,45.2,46.6,45.9
1963,ISL,76.1,70.2,73
1963,JPN,72.3,67.2,69.8
1963,MEX,61,57.6,
1963,NLD,75.8,71,73.4
1963,NOR,75.7,71.1,73.3
1963,NZL,74,68.3,71.2
1963,PER,53.3,51.1,52.2
1963,POL,71.5,65.4,68.5
1963,PRT,67.6,61.8,64.8
1963,RUS,71.7,63.2,67.4
1963,SVK,73.3,68.3,70.8
1963,SWE,75.6,71.6,73.6
1963,TUR,52.3,48.2,50.3
1963,USA,73.4,66.6,69.9
1963,ZAF,55.9,51.7,53.6
1964,ARG,68.3,61,64.4
1964,AUS,73.9,67.5,
1964,AUT,73.2,66.8,70
1964,BEL,73.9,67.8,70.8
1964,BGR,73.2,69.4,71.3
1964,BRA,57.2,52.3,54.6
1964,CHE,75.2,69.2,72.2
1964,CHL,62,56.1,59
1964,CHN,54.3,50.2,52.2
1964,COL,60,53.9,56.9
1964,CRI,64.8,61,62.8
1964,CZE,73.8,67.5,70.7
1964,DEU,73.4,67.7,70.6
1964,EST,74.2,66.4,70.8
1964,FRA,75.1,67.7,71.4
1964,GRC,73.8,69.9,71.8
1964,HUN,71.9,67,69.5
1964,IDN,50.9,47.7,49.2
1964,IND,45.5,46.8,46.2
1964,ISL,76.4,70.8,73.5
1964,JPN,72.9,67.7,70.3
1964,MEX,61.6,58.1,
1964,NLD,76.3,71.3,73.8
1964,NOR,76.3,71.5,73.8
1964,NZL,74.1,68.3,71.2
1964,PER,53.8,51.6,52.7
1964,POL,71.6,65.8,68.7
1964,PRT,67.8,62,64.9
1964,RUS,72,63.4,67.7
1964,SVK,73.6,68.8,71.2
1964,SWE,75.9,71.7,73.8
1964,TUR,53,48.9,51
1964,USA,73.7,66.8,70.2
1964,ZAF,56.2,51.9,53.9
1965,ARG,68.5,61.2,64.6
1965,AUS,74.2,67.7,
1965,AUT,73,66.6,69.8
1965,BEL,73.8,67.6,70.7
1965,BGR,73.3,69.4,71.4
1965,BRA,57.7,52.7,55.1
1965,CHE,75.1,69.5,72.3
1965,CHL,62.5,56.5,59.5
1965,CHN,55.1,50.9,52.9
1965,COL,60.4,54.3,57.3
1965,CRI,65.4,61.5,63.3
1965,CZE,73.5,67.2,70.4
1965,DEU,73.3,67.7,70.5
1965,EST,74.3,66.3,70.8
1965,FRA,75,67.5,71.3
1965,GRC,74.3,70.5,72.4
1965,HUN,71.5,66.7,69.2
1965,IDN,46.6,39.1,42.6
1965,IND,44.4,45.6,45
1965,ISL,76.4,71.4,73.8
1965,JPN,72.9,67.7,70.3
1965,MEX,62.1,58.5,
1965,NLD,76.1,71.1,73.6
1965,NOR,76.7,71.3,74
1965,NZL,74.2,68.2,71.2
1965,PER,54.3,52.1,53.2
1965,POL,72.4,66.6,69.5
1965,PRT,68.9,62.6,65.8
1965,RUS,72.2,63.4,67.8
1965,SVK,72.9,67.9,70.4
1965,SWE,76.1,71.7,73.9
1965,TUR,53.6,49.5,51.6
1965,USA,73.8,66.8,70.2
1965,ZAF,56.6,52.1,54.2
1966,ARG,68.8,61.5,64.9
1966,AUS,74,67.6,
1966,AUT,73.4,66.9,70.2
1966,BEL,73.8,67.8,70.7
1966,BGR,73.2,69.3,71.2
1966,BRA,58.1,53.1,55.5
1966,CAN,75.2,68.8,
1966,CHE,75.3,69.6,72.5
1966,CHL,63,57,60
1966,CHN,55.8,51.6,53.6
1966,COL,60.9,54.8,57.8
1966,CRI,66,61.9,63.9
1966,CZE,73.9,67.3,70.6
1966,DEU,73.5,67.7,70.6
1966,EST,74.4,66.3,70.7
1966,FRA,75.2,67.8,71.5
1966,GRC,74.7,70.5,72.6
1966,HUN,72.3,67.5,69.9
1966,IDN,50.2,46.3,48.2
1966,IND,44.7,45.9,45.3
1966,ISL,76.4,70.3,73.3
1966,JPN,73.6,68.4,71
1966,MEX,62.5,58.8,
1966,NLD,76.1,71,73.6
1966,NOR,76.9,71.6,74.2
1966,NZL,74.3,68.2,71.3
1966,PER,54.9,52.6,53.7
1966,POL,72.9,66.9,69.9
1966,PRT,68.4,62,65.3
1966,RUS,72.4,63.4,67.9
1966,SVK,73.3,67.8,70.5
1966,SWE,76.5,71.9,74.2
1966,TUR,54.3,50.1,52.2
1966,USA,73.8,66.7,70.2
1966,ZAF,56.9,52.2,54.4
1967,ARG,69,61.5,65
1967,AUS,74.5,67.8,70.8
1967,AUT,73.4,66.6,70
1967,BEL,74.2,67.9,71
1967,BGR,72.6,68.3,70.4
1967,BRA,58.5,53.4,55.9
1967,CHE,75.8,69.7,72.8
1967,CHL,63.6,57.5,60.6
1967,CHN,56.5,52.4,54.4
1967,COL,61.3,55.2,58.2
1967,CRI,66.6,62.3,64.4
1967,CZE,73.8,67.1,70.5
1967,DEU,73.8,67.9,70.9
1967,DNK,74.9,70.3,72.6
1967,EST,74.8,66.4,71
1967,FRA,75.2,67.8,71.5
1967,GRC,74.2,70.4,72.4
1967,HUN,72.1,66.9,69.5
1967,IDN,52.8,49.4,51.1
1967,IND,45.1,46.2,45.7
1967,ISL,76.6,71.1,73.8
1967,JPN,74.2,68.9,71.5
1967,MEX,62.9,59,
1967,NLD,76.6,71.2,73.9
1967,NOR,77.1,71.5,74.2
1967,NZL,74.4,68.3,71.4
1967,PER,55.4,53.1,54.2
1967,POL,72.6,66.4,69.5
1967,PRT,69.2,62.8,66.1
1967,RUS,72.6,63.4,68
1967,SVK,73.9,68.4,71.1
1967,SWE,76.5,71.9,74.2
1967,TUR,54.9,50.8,52.9
1967,USA,74.3,67,70.5
1967,ZAF,57.2,52.4,54.6
1968,ARG,69,61.3,64.9
1968,AUS,74.2,67.5,
1968,AUT,73.5,66.8,70.2
1968,BEL,73.9,67.6,70.7
1968,BGR,73.3,69.2,71.2
1968,BRA,58.9,53.9,56.3
1968,CHE,75.6,69.8,72.7
1968,CHL,64.2,58.1,61.1
1968,CHN,57.1,53.1,55.1
1968,COL,61.8,55.6,58.7
1968,CRI,67.2,62.7,64.8
1968,CZE,73.5,66.6,70
1968,DEU,73.4,67.5,70.5
1968,DNK,75.4,70.6,73
1968,EST,74.5,65.9,70.6
1968,FIN,73.7,65.9,69.8
1968,FRA,75.2,67.8,71.5
1968,GRC,74.2,70.6,72.4
1968,HUN,72,66.6,69.3
1968,IDN,53.5,49.9,51.6
1968,IND,46.8,48.1,47.5
1968,ISL,76.5,71.6,74
1968,JPN,74.3,69.1,71.7
1968,LUX,73.5,,
1968,MEX,63.3,59.2,
1968,NLD,76.4,70.9,73.7
1968,NOR,77,71.4,74.1
1968,NZL,74.4,68.3,71.4
1968,PER,56,53.5,54.7
1968,POL,73.6,67,70.3
1968,PRT,69.4,63.3,66.4
1968,ROU,70.3,66,68.2
1968,RUS,72.7,63.3,68
1968,SVK,73.6,67.7,70.6
1968,SWE,76.4,71.7,74
1968,TUR,55.5,51.3,53.4
1968,USA,74.1,66.6,70.2
1968,ZAF,57.5,52.6,54.9
1969,ARG,69,61.2,64.9
1969,AUS,74.6,67.5,
1969,AUT,73.3,66.5,69.9
1969,BEL,74.1,67.6,70.8
1969,BGR,72.7,68.2,70.4
1969,BRA,59.3,54.3,56.7
1969,CHE,75.7,69.7,72.7
1969,CHL,64.8,58.6,61.7
1969,CHN,57.8,53.8,55.7
1969,COL,62.2,56.1,59.1
1969,CRI,67.8,63.1,65.3
1969,CZE,73.2,66,69.6
1969,DEU,73.3,67.3,70.3
1969,DNK,75.6,70.7,73.2
1969,EST,74.4,65.3,70.2
1969,FRA,75.1,67.4,71.3
1969,GRC,75,71,73
1969,HUN,72.1,66.7,69.4
1969,IDN,54.2,50.6,52.4
1969,IND,47.2,48.5,47.9
1969,ISL,76.4,71.2,73.7
1969,JPN,74.7,69.2,71.9
1969,LUX,73.4,,
1969,MEX,63.7,59.5,
1969,NLD,76.3,70.9,73.6
1969,NOR,76.9,71,73.8
1969,NZL,74.5,68.4,71.5
1969,PER,56.6,54,55.3
1969,POL,73.1,66.5,69.8
1969,PRT,69,62.8,66
1969,ROU,69.7,65.1,67.4
1969,RUS,72.8,63.2,68
1969,SVK,73.3,66.9,70
1969,SWE,76.7,71.7,74.1
1969,TUR,55.9,51.6,53.8
1969,USA,74.4,66.8,70.5
1969,ZAF,57.9,52.8,55.2
1970,ARG,70,63.3,66.5
1970,AUS,74.2,67.4,
1970,AUT,73.5,66.5,70.1
1970,BEL,74.2,67.9,71
1970,BGR,73.5,69.1,71.2
1970,BRA,61.5,56.4,58.9
1970,CHE,76.2,70,73.2
1970,CHL,65.5,59.2,62.3
1970,CHN,60.9,57.3,59.1
1970,COL,62.7,56.5,59.5
1970,CRI,68.3,63.6,65.8
1970,CZE,73.1,66.1,69.6
1970,DEU,73.6,67.5,70.6
1970,DNK,75.9,70.7,73.3
1970,ESP,74.8,69.2,72
1970,EST,74.5,65.5,70.4
1970,FIN,75,66.5,70.8
1970,FRA,75.9,68.4,72.2
1970,GBR,75,68.7,71.9
1970,GRC,76,71.6,73.8
1970,HUN,72.1,66.3,69.2
1970,IDN,54.5,50.7,52.6
1970,IND,47.1,48.4,47.7
1970,IRL,73.5,68.8,71.2
1970,ISL,77.3,70.7,73.8
1970,JPN,74.7,69.3,72
1970,KOR,65.8,58.7,62.3
1970,LTU,75,66.8,71.1
1970,LUX,73,,
1970,MEX,63.2,58.5,59.9
1970,NLD,76.5,70.8,73.7
1970,NOR,77.5,71.2,74.3
1970,NZL,74.5,68.5,71.5
1970,PER,55.9,52.5,54.2
1970,POL,73.3,66.6,70
1970,PRT,69.7,63.6,66.7
1970,ROU,70.4,65.9,68.2
1970,RUS,73.4,63.1,68.3
1970,SVK,73.1,66.8,69.8
1970,SVN,72.4,65,68.7
1970,SWE,77.3,72.3,74.7
1970,TUR,56.3,52,54.2
1970,USA,74.7,67.1,70.8
1970,ZAF,55.2,50.2,52.6
1971,ARG,69.7,62,65.6
1971,AUS,74.9,68.3,
1971,AUT,73.7,66.7,70.3
1971,BEL,74.4,67.9,71.1
1971,BGR,73.2,68.6,70.8
1971,BRA,59.7,54.8,57.2
1971,CAN,76.4,69.3,
1971,CHE,76.3,70.2,73.3
1971,CHL,66.1,59.8,63
1971,CHN,58.6,54.7,56.6
1971,COL,63.1,56.9,59.9
1971,CRI,68.9,64,66.4
1971,CZE,73.4,66.2,69.8
1971,DEU,73.8,67.7,70.8
1971,DNK,75.9,70.7,73.3
1971,EST,74.8,65.7,70.6
1971,FIN,74.2,65.9,70.1
1971,FRA,75.9,68.3,72.1
1971,GBR,75,68.8,71.9
1971,GRC,76.2,72.2,74.2
1971,HUN,72.1,66.1,69.1
1971,IDN,54.9,51.2,53
1971,IND,47.6,48.9,48.2
1971,ISL,76.5,70.8,73.5
1971,ISR,73.4,70.1,71.8
1971,ITA,74.9,69,72
1971,JPN,75.6,70.2,72.9
1971,KOR,66.3,59.1,62.7
1971,LTU,76.1,67.6,72
1971,LUX,73.1,66.2,69.6
1971,MEX,64.6,60.2,61.6
1971,NLD,76.8,71,73.9
1971,NOR,77.5,71.3,74.4
1971,NZL,74.6,68.5,71.6
1971,PER,47.5,46.8,47.2
1971,POL,73.3,66.1,69.7
1971,PRT,69.7,63.1,66.4
1971,ROU,70.8,66.4,68.7
1971,RUS,73.8,63.2,68.5
1971,SVK,73.3,66.6,69.9
1971,SWE,77.5,72,74.7
1971,TUR,56.7,52.4,54.6
1971,USA,75,67.4,71.1
1971,ZAF,58.3,53.1,55.6
1972,ARG,69.5,62,65.5
1972,AUS,75.4,68.6,
1972,AUT,74.1,67,70.7
1972,BEL,74.8,68.2,71.4
1972,BGR,73.1,68.6,70.8
1972,BRA,60.2,55.2,57.6
1972,CHE,76.9,70.6,73.8
1972,CHL,66.8,60.5,63.6
1972,CHN,59.5,55.7,57.6
1972,COL,63.5,57.3,60.3
1972,CRI,69.5,64.6,66.9
1972,CZE,73.7,66.9,70.3
1972,DEU,74.1,67.8,71
1972,DNK,76.1,70.7,73.4
1972,EST,74.7,65.5,70.4
1972,FIN,74.9,66.6,70.7
1972,FRA,76.2,68.5,72.4
1972,GRC,75.9,71.7,73.8
1972,HUN,72.7,66.8,69.8
1972,IDN,55.5,51.7,53.6
1972,IND,47.9,49.3,48.6
1972,ISL,76.9,72.1,74.4
1972,ISR,72.8,70.1,71.5
1972,JPN,75.9,70.5,73.2
1972,KOR,66.8,59.4,63.1
1972,LTU,75.4,66.9,71.3
1972,LUX,74.1,67.7,70.8
1972,MEX,65.4,60.7,62
1972,NLD,76.8,70.8,73.8
1972,NOR,77.7,71.5,74.5
1972,NZL,74.8,68.6,71.7
1972,PER,57.6,54.8,56.2
1972,POL,74.2,67.3,70.7
1972,PRT,71.5,65.2,68.4
1972,ROU,71.4,66.9,69.2
1972,RUS,73.6,63.3,68.4
1972,SVK,73.9,67,70.3
1972,SWE,77.6,72,74.8
1972,TUR,57.1,52.8,55
1972,USA,75.1,67.4,71.2
1972,ZAF,58.8,53.4,56
1973,ARG,69.9,62.4,65.9
1973,AUS,75.5,68.6,
1973,AUT,74.6,67.6,71.2
1973,BEL,75,68.4,71.7
1973,BGR,73.7,68.9,71.2
1973,BRA,60.6,55.6,58
1973,CHE,77.1,71,74.1
1973,CHL,67.5,61.1,64.3
1973,CHN,60.4,56.5,58.4
1973,COL,63.9,57.7,60.7
1973,CRI,70.1,65.2,67.5
1973,CZE,73.8,66.6,70.1
1973,DEU,74.4,68.1,71.3
1973,DNK,76.3,70.8,73.6
1973,EST,74.7,66.1,70.7
1973,FIN,75.5,66.9,71.2
1973,FRA,76.3,68.7,72.5
1973,GRC,76.2,72,74.1
1973,HUN,72.6,66.6,69.6
1973,IDN,56.1,52.4,54.2
1973,IND,48.3,49.7,49
1973,ISL,77.6,71.5,74.4
1973,ISR,73.2,70.2,71.7
1973,JPN,76,70.7,73.4
1973,KOR,67.3,59.7,63.5
1973,LTU,75.6,67.3,71.6
1973,LUX,74.6,66.9,70.6
1973,MEX,66.1,61.2,62.4
1973,NLD,77.1,71.3,74.2
1973,NOR,77.9,71.5,74.6
1973,NZL,74.9,68.7,71.8
1973,PER,58.3,55.3,56.7
1973,POL,74.3,67.2,70.7
1973,PRT,70.6,64.4,67.6
1973,ROU,71,66.6,68.8
1973,RUS,73.6,63.3,68.4
1973,SVK,73.4,66.8,70
1973,SWE,77.8,72.2,74.9
1973,TUR,57.5,53.2,55.4
1973,USA,75.3,67.6,71.4
1973,ZAF,59.2,53.7,56.3
1974,ARG,70.4,62.7,66.3
1974,AUS,75.4,68.4,
1974,AUT,74.7,67.5,71.2
1974,BEL,75.3,68.8,72
1974,BGR,73.5,68.8,71.1
1974,BRA,61,56.1,58.5
1974,CHE,77.6,71.2,74.5
1974,CHL,68.2,61.8,65
1974,CHN,61.4,57.4,59.4
1974,COL,64.3,58.1,61.1
1974,CRI,70.8,65.8,68.2
1974,CZE,73.6,66.8,70.2
1974,DEU,74.6,68.4,71.5
1974,DNK,76.9,71,73.9
1974,EST,75.1,65.9,70.9
1974,FIN,75.4,66.9,71.2
1974,FRA,76.7,68.9,72.8
1974,GRC,76.8,72.4,74.6
1974,HUN,72.3,66.3,69.3
1974,IDN,56.7,53,54.9
1974,IND,48.8,50.2,49.5
1974,ISL,78,71.2,74.4
1974,ISR,73.3,70.1,71.7
1974,ITA,75.6,69.5,72.6
1974,JPN,76.3,71.2,73.7
1974,KOR,67.8,60,63.9
1974,LTU,75.7,67.1,71.6
1974,LUX,74.5,67.1,70.7
1974,MEX,66.7,61.7,63.4
1974,NLD,77.6,71.6,74.6
1974,NOR,78.2,71.9,75
1974,NZL,75.1,68.8,72
1974,PER,58.7,55.5,57.1
1974,POL,74.6,67.8,71.2
1974,PRT,71.4,64.8,68.2
1974,ROU,71.9,67.4,69.7
1974,RUS,73.8,63.1,68.5
1974,SVK,73.7,66.8,70.2
1974,SWE,78,72.2,75
1974,TUR,57.9,53.5,55.7
1974,USA,75.9,68.2,72
1974,ZAF,59.7,54.1,56.7
1975,ARG,70.7,62.8,66.6
1975,AUS,76.2,69.2,
1975,AUT,74.7,67.7,71.4
1975,BEL,75.3,68.8,72
1975,BGR,73.5,68.6,71
1975,BRA,61.4,56.5,58.9
1975,CHE,78.1,71.5,74.9
1975,CHL,68.9,62.4,65.7
1975,CHN,62.3,58.1,60.2
1975,COL,64.6,58.5,61.5
1975,CRI,71.4,66.5,68.8
1975,CZE,74.1,67,70.5
1975,DEU,74.5,68.2,71.4
1975,DNK,77.1,71.3,74.2
1975,ESP,76.3,70.5,73.4
1975,EST,74.8,65,70.2
1975,FIN,75.9,67.4,71.7
1975,FRA,76.9,69,73
1975,GRC,76.7,72.2,74.4
1975,HUN,72.5,66.3,69.4
1975,IDN,57.3,53.6,55.4
1975,IND,49.5,50.9,50.2
1975,ISL,79,72.3,75.5
1975,ISR,73.9,70.3,72.1
1975,ITA,75.8,69.5,72.7
1975,JPN,76.9,71.7,74.3
1975,KOR,68.2,60.3,64.2
1975,LTU,75.5,66.4,71.1
1975,LUX,74.3,67.3,70.7
1975,MEX,67.3,62,63.9
1975,NLD,77.7,71.5,74.6
1975,NOR,78.3,71.9,75
1975,NZL,75.3,68.9,72.1
1975,PER,59.2,55.9,57.5
1975,POL,74.3,67,70.6
1975,PRT,72.1,64.6,68.4
1975,ROU,72.1,67.4,69.8
1975,RUS,73.2,62.5,67.9
1975,SVK,74,66.9,70.3
1975,SWE,78.1,72.2,75
1975,TUR,58.3,53.9,56.1
1975,USA,76.6,68.8,72.6
1975,ZAF,60.2,54.4,57.1
1976,ARG,71.3,63.3,67.1
1976,AUS,76.3,69.3,72.8
1976,AUT,75.1,68.2,71.8
1976,BEL,75.5,68.9,72.2
1976,BGR,73.8,68.9,71.3
1976,BRA,61.8,57,59.4
1976,CAN,77.5,70.2,
1976,CHE,78.2,71.6,75
1976,CHL,69.6,63.1,66.4
1976,CHN,63.1,58.8,60.9
1976,COL,65.2,59,62
1976,CRI,72,67.2,69.5
1976,CZE,74.3,67.1,70.7
1976,DEU,75,68.6,71.8
1976,DNK,76.8,70.9,73.8
1976,ESP,76.6,70.8,73.7
1976,EST,74.4,64.6,69.8
1976,FIN,76.3,67.6,72
1976,FRA,77.2,69.2,73.2
1976,GRC,76.7,72.3,74.5
1976,HUN,72.6,66.7,69.7
1976,IDN,57.9,54.2,56
1976,IND,50.2,51.4,50.8
1976,ISL,80.2,73.9,76.9
1976,ISR,74.8,71.2,73
1976,ITA,76,69.6,72.8
1976,JPN,77.4,72.2,74.8
1976,KOR,68.6,60.6,64.6
1976,LTU,75.7,66.3,71.1
1976,LUX,74.3,67.2,70.7
1976,MEX,67.9,62.4,64.2
1976,NLD,77.9,71.5,74.7
1976,NOR,78.4,72.2,75.2
1976,NZL,75.5,69,72.3
1976,PER,59.7,56.2,57.9
1976,POL,74.6,66.9,70.7
1976,PRT,72.6,65.3,69
1976,ROU,72.2,67.7,70
1976,RUS,73.1,62.2,67.6
1976,SVK,74.1,67,70.5
1976,SWE,78,72.2,75
1976,TUR,58.7,54.2,56.5
1976,USA,76.8,69.1,72.9
1976,ZAF,60.7,54.8,57.5
1977,ARG,71.5,63.4,67.2
1977,AUS,76.8,69.9,
1977,AUT,75.5,68.5,72.2
1977,BEL,76.2,69.5,72.8
1977,BGR,73.4,68.2,70.7
1977,BRA,62.2,57.5,59.8
1977,CHE,78.8,72,75.5
1977,CHL,70.4,63.8,67.1
1977,CHN,64,59.7,61.8
1977,COL,65.7,59.5,62.5
1977,CRI,72.7,67.9,70.2
1977,CZE,74.3,67.2,70.7
1977,DEU,75.7,69.2,72.5
1977,DNK,77.9,71.8,74.7
1977,ESP,77.1,71.2,74.2
1977,EST,74.5,64.7,69.9
1977,FIN,76.9,67.9,72.4
1977,FRA,77.8,69.7,73.8
1977,GRC,77,72.4,74.7
1977,HUN,73.1,66.8,69.9
1977,IDN,58.5,54.6,56.5
1977,IND,50.9,51.9,51.4
1977,ISL,79.6,73.3,76.3
1977,ISR,74.7,71.3,73
1977,ITA,76.7,70,73.4
1977,JPN,78,72.7,75.3
1977,KOR,69.1,60.9,65
1977,LTU,75.5,66.2,71
1977,LUX,76.2,68.2,72.1
1977,MEX,68.5,62.8,64.7
1977,NLD,78.5,72.1,75.3
1977,NOR,78.9,72.5,75.6
1977,NZL,75.6,69.3,72.5
1977,PER,60.1,56.5,58.3
1977,POL,74.5,66.5,70.5
1977,PRT,73.7,66.4,70.1
1977,ROU,72.1,67.4,69.8
1977,RUS,73.2,61.8,67.5
1977,SVK,74.3,66.8,70.4
1977,SWE,78.7,72.4,75.5
1977,TUR,59.2,54.6,56.9
1977,USA,77.2,69.5,73.3
1977,ZAF,61.2,55.2,58
1978,ARG,72.2,63.9,67.9
1978,AUS,77.2,70.2,
1978,AUT,75.7,68.5,72.3
1978,BEL,76.1,69.4,72.8
1978,BGR,73.6,68.7,71.1
1978,BRA,62.7,57.9,60.2
1978,CHE,78.8,71.9,75.4
1978,CHL,71.1,64.4,67.8
1978,CHN,64.7,60.4,62.5
1978,COL,66.2,60,63
1978,CRI,73.4,68.5,70.9
1978,CZE,74.4,67.3,70.8
1978,DEU,75.7,69.1,72.4
1978,DNK,77.6,71.5,74.5
1978,ESP,77.4,71.3,74.4
1978,EST,74.5,64.3,69.7
1978,FIN,77.6,68.5,73
1978,FRA,77.9,69.8,73.9
1978,GRC,77.5,72.9,75.3
1978,HUN,72.8,66.1,69.4
1978,IDN,59.1,55.2,57.1
1978,IND,51.5,52.3,51.9
1978,IRL,74.9,68.1,71.5
1978,ISL,79.6,73.8,76.6
1978,ISR,75,71.5,73.3
1978,ITA,77.2,70.4,73.8
1978,JPN,78.3,73,75.7
1978,KOR,69.5,61.1,65.3
1978,LTU,75.2,66,70.7
1978,LUX,75.6,68.5,72
1978,MEX,69,63.1,65.5
1978,NLD,78.5,72,75.3
1978,NOR,78.9,72.6,75.7
1978,NZL,75.8,69.6,72.7
1978,PER,60.6,56.8,58.6
1978,POL,74.5,66.4,70.4
1978,PRT,73.9,67.1,70.5
1978,ROU,72.3,67.3,69.8
1978,RUS,73.2,61.8,67.5
1978,SVK,74.2,66.9,70.5
1978,SWE,78.8,72.5,75.5
1978,TUR,59.6,55,57.3
1978,USA,77.3,69.6,73.5
1978,ZAF,61.8,55.6,58.5
1979,ARG,72.3,64.4,68.2
1979,AUS,77.8,70.8,
1979,AUT,76,68.8,72.6
1979,BEL,76.6,69.9,73.3
1979,BGR,74,68.6,71.2
1979,BRA,63.1,58.4,60.7
1979,CAN,78.8,71.4,
1979,CHE,79,72.3,75.7
1979,CHL,71.8,65.1,68.4
1979,CHN,65.5,61.1,63.2
1979,COL,66.7,60.4,63.5
1979,CRI,74.1,69.1,71.5
1979,CZE,74.4,67.4,70.9
1979,DEU,76,69.5,72.8
1979,DNK,77.5,71.2,74.3
1979,ESP,78,71.8,75
1979,EST,74.2,64.1,69.4
1979,FIN,77.5,69,73.2
1979,FRA,78.3,70.1,74.2
1979,GRC,77.8,73.2,75.5
1979,HUN,73.2,66.2,69.7
1979,IDN,59.5,55.7,57.6
1979,IND,52.3,52.7,52.5
1979,IRL,75,69.5,72.3
1979,ISR,75.3,71.8,73.6
1979,ITA,77.5,70.6,74.1
1979,JPN,78.9,73.5,76.2
1979,KOR,69.9,61.4,65.6
1979,LTU,75.4,65.5,70.6
1979,LUX,76.5,69,72.7
1979,MEX,69.6,63.6,65.9
1979,NLD,78.9,72.5,75.7
1979,NOR,79.1,72.4,75.6
1979,NZL,76,69.8,72.9
1979,PER,61,57.1,59
1979,POL,74.9,66.8,70.9
1979,PRT,74.7,67.9,71.3
1979,ROU,72.1,66.9,69.5
1979,RUS,73,61.5,67.3
1979,SVK,74.6,67.2,70.8
1979,SWE,78.8,72.5,75.6
1979,TUR,60,55.4,57.7
1979,USA,77.8,70,73.9
1979,ZAF,62.4,56.1,59
1980,ARG,72.5,64.7,68.5
1980,AUS,78.1,71,
1980,AUT,76.1,69,72.7
1980,BEL,76.7,69.9,73.3
1980,BGR,73.9,68.4,71.1
1980,BRA,63.7,59,61.3
1980,CAN,78.8,71.6,75.1
1980,CHE,79,72.3,75.7
1980,CHL,72.4,65.7,69.1
1980,CHN,66.1,61.7,63.9
1980,COL,67.2,60.9,64
1980,CRI,74.7,69.7,72.1
1980,CZE,74,66.9,70.4
1980,DEU,76.2,69.6,72.9
1980,DNK,77.3,71.2,74.2
1980,ESP,78.5,72.3,75.5
1980,EST,74.3,64.2,69.5
1980,FIN,78,69.2,73.7
1980,FRA,78.4,70.2,74.3
1980,GBR,76.6,70.5,73.6
1980,GRC,77.5,73,75.3
1980,HUN,72.8,65.5,69.1
1980,IDN,60,56.4,58.2
1980,IND,53,53.1,53.1
1980,IRL,75.6,70.1,72.9
1980,ISL,80.4,73.5,76.8
1980,ISR,75.7,72.1,73.9
1980,ITA,77.4,70.6,74
1980,JPN,78.8,73.4,76.1
1980,KOR,70.4,61.9,66.1
1980,LTU,75.4,65.4,70.5
1980,LUX,75.6,70,72.8
1980,MEX,70.2,64.1,66.2
1980,NLD,79.2,72.5,75.9
1980,NOR,79.3,72.4,75.8
1980,NZL,76.2,70.1,73.2
1980,PER,61.4,57.3,59.3
1980,POL,74.4,66,70.2
1980,PRT,74.9,67.9,71.5
1980,ROU,71.9,66.6,69.2
1980,RUS,73,61.4,67.2
1980,SVK,74.4,66.7,70.4
1980,SWE,79,72.8,75.8
1980,TUR,60.3,55.8,58.1
1980,USA,77.4,70,73.7
1980,ZAF,62.8,56.5,59.4
1981,ARG,72.5,64.8,68.6
1981,AUS,78.4,71.4,74.8
1981,AUT,76.5,69.3,73
1981,BEL,77.1,70.3,73.7
1981,BGR,74.3,68.9,71.5
1981,BRA,64.2,59.5,61.8
1981,CAN,79.2,72,75.5
1981,CHE,79.3,72.5,75.9
1981,CHL,73,66.3,69.7
1981,CHN,66.7,62.2,64.4
1981,COL,67.7,61.4,64.5
1981,CRI,75.4,70.2,72.7
1981,CZE,74.4,67.2,70.8
1981,DEU,76.4,69.9,73.2
1981,DNK,77.5,71.3,74.3
1981,ESP,78.8,72.5,75.7
1981,EST,74.1,64.1,69.3
1981,FIN,78.2,69.6,74
1981,FRA,78.5,70.4,74.5
1981,GBR,76.9,70.9,73.9
1981,GRC,77.9,73.4,75.7
1981,HUN,73,65.5,69.2
1981,IDN,60.6,57,58.8
1981,IND,53.7,53.5,53.6
1981,IRL,75.6,70.1,72.9
1981,ISL,79.8,73.4,76.4
1981,ISR,75.9,72.7,74.3
1981,ITA,77.6,70.9,74.3
1981,JPN,79.1,73.8,76.5
1981,KOR,70.9,62.4,66.7
1981,LTU,75.4,65.3,70.5
1981,LUX,76.3,68.9,72.6
1981,MEX,70.7,64.6,66.9
1981,NLD,79.3,72.7,76
1981,NOR,79.4,72.7,76
1981,NZL,76.4,70.4,73.4
1981,PER,61.8,57.5,59.6
1981,POL,75.2,67.1,71.2
1981,PRT,75.2,68.2,71.8
1981,ROU,72.4,66.8,69.5
1981,RUS,73.2,61.6,67.4
1981,SVK,74.9,66.8,70.7
1981,SWE,79.3,73.1,76.1
1981,TUR,60.7,56.3,58.5
1981,USA,77.8,70.4,74.1
1981,ZAF,63.2,56.9,59.8
1982,ARG,73.1,65.1,69
1982,AUS,78.2,71.2,74.6
1982,AUT,76.7,69.4,73.2
1982,BEL,77.3,70.6,74
1982,BGR,74,68.5,71.1
1982,BRA,64.7,60,62.3
1982,CAN,79.3,72.3,75.7
1982,CHE,79.6,72.8,76.3
1982,CHL,73.7,66.2,70
1982,CHN,67.3,62.7,65
1982,COL,68.2,61.9,65
1982,CRI,75.9,70.7,73.2
1982,CZE,74.5,67.3,70.9
1982,DEU,76.7,70.2,73.5
1982,DNK,77.8,71.6,74.7
1982,ESP,79.4,73.1,76.3
1982,EST,74.7,64.6,69.9
1982,FIN,78.8,70.3,74.6
1982,FRA,78.9,70.7,74.8
1982,GBR,76.9,71,74
1982,GRC,78.2,73.6,75.9
1982,HUN,73.3,65.7,69.4
1982,IDN,60.8,57.5,59.1
1982,IND,54.4,54,54.2
1982,IRL,75.6,70.1,72.9
1982,ISL,79.6,74.6,77
1982,ISR,75.8,72.5,74.2
1982,ITA,78,71.3,74.7
1982,JPN,79.7,74.2,76.9
1982,KOR,71.5,62.9,67.2
1982,LTU,75.8,65.7,70.9
1982,LUX,76.4,68.9,72.7
1982,MEX,71.2,65.1,67.7
1982,NLD,79.4,72.7,76.1
1982,NOR,79.7,72.7,76.1
1982,NZL,76.6,70.5,73.6
1982,PER,62.2,57.7,59.8
1982,POL,75.2,67.2,71.2
1982,PRT,76,69,72.5
1982,ROU,72.5,67.1,69.8
1982,RUS,73.6,62.3,68
1982,SVK,74.9,67,70.9
1982,SVN,75.3,67,71.2
1982,SWE,79.5,73.5,76.4
1982,TUR,61.1,56.7,58.9
1982,USA,78.1,70.8,74.5
1982,ZAF,63.8,57.4,60.4
1983,ARG,73,65.1,68.9
1983,AUS,78.8,72.1,75.4
1983,AUT,76.7,69.5,73.3
1983,BEL,77.3,70.6,73.9
1983,BGR,74.4,68.5,71.3
1983,BRA,65.3,60.5,62.9
1983,CAN,79.6,72.7,76.1
1983,CHE,79.7,72.7,76.2
1983,CHL,74.1,66.7,70.4
1983,CHN,67.8,63.2,65.5
1983,COL,68.6,62.4,65.5
1983,CRI,76.4,71.1,73.7
1983,CZE,74.4,67.1,70.7
1983,DEU,77,70.5,73.8
1983,DNK,77.7,71.5,74.5
1983,ESP,79.1,72.9,76.1
1983,EST,74.8,64.4,69.8
1983,FIN,78.5,70.3,74.5
1983,FRA,78.8,70.7,74.8
1983,GBR,77.2,71.3,74.3
1983,GRC,78,73.4,75.7
1983,HUN,73.1,65.1,69
1983,IDN,61.4,58.2,59.8
1983,IND,55.1,54.4,54.7
1983,ISL,80.6,73.3,76.7
1983,ISR,76.2,72.8,74.5
1983,ITA,78.1,71.5,74.8
1983,JPN,79.8,74.2,77
1983,KOR,71.9,63.4,67.7
1983,LTU,75.7,65.7,70.8
1983,LUX,77.1,69.9,73.5
1983,MEX,71.6,65.6,68.3
1983,NLD,79.6,72.9,76.3
1983,NOR,79.7,72.8,76.2
1983,NZL,76.7,70.7,73.7
1983,PER,62.6,57.7,60
1983,POL,75.2,67,71.1
1983,PRT,75.8,69,72.4
1983,ROU,72.6,67,69.8
1983,RUS,73.4,62.2,67.8
1983,SVK,74.7,66.7,70.6
1983,SVN,75,66.9,71
1983,SWE,79.8,73.6,76.7
1983,TUR,61.9,57.5,59.7
1983,USA,78.1,71,74.6
1983,ZAF,64.3,58,60.9
1984,ARG,73.2,65.5,69.3
1984,AUS,79,72.5,75.7
1984,AUT,77.3,70.1,73.9
1984,BEL,78,71,74.5
1984,BGR,74.6,68.5,71.4
1984,BRA,65.8,61,63.3
1984,CAN,79.8,73,76.4
1984,CHE,80.3,73.4,76.9
1984,CHL,74.5,67.3,70.9
1984,CHN,68.3,63.6,65.9
1984,COL,69.1,62.8,65.9
1984,CRI,76.9,71.5,74.1
1984,CZE,74.6,67.4,70.9
1984,DEU,77.5,71,74.3
1984,DNK,77.8,71.7,74.7
1984,ESP,79.7,73.1,76.4
1984,EST,74.3,64.6,69.6
1984,FIN,79,70.5,74.9
1984,FRA,79.3,71.2,75.3
1984,GBR,77.6,71.7,74.6
1984,GRC,78.6,73.8,76.2
1984,HUN,73.3,65.1,69.1
1984,IDN,62,58.6,60.3
1984,IND,55.7,54.9,55.3
1984,ISL,80.5,74.8,77.6
1984,ISR,76.6,73.1,75
1984,ITA,78.2,71.8,75
1984,JPN,80.2,74.5,77.4
1984,KOR,72.6,64,68.3
1984,LTU,75.3,65.1,70.3
1984,LUX,76.9,69.7,73.3
1984,MEX,72,66.1,68.8
1984,NLD,79.7,73,76.4
1984,NOR,79.8,73,76.3
1984,NZL,76.8,70.8,73.8
1984,PER,63,57.6,60.2
1984,POL,75,66.8,70.9
1984,PRT,76.2,69.2,72.7
1984,ROU,72.7,67,69.8
1984,RUS,73,61.7,67.3
1984,SVK,75.1,66.9,70.8
1984,SVN,75.4,67.3,71.4
1984,SWE,80.1,73.9,76.9
1984,TUR,63.1,58.6,60.9
1984,USA,78.2,71.1,74.7
1984,ZAF,64.8,58.5,61.5
1985,ARG,73.2,65.4,69.2
1985,AUS,78.8,72.4,75.5
1985,AUT,77.4,70.4,74.1
1985,BEL,78.1,71.1,74.6
1985,BGR,74.3,68.1,71.1
1985,BRA,66.3,61.4,63.8
1985,CAN,79.8,73,76.4
1985,CHE,80.4,73.5,77
1985,CHL,74.8,67.8,71.3
1985,CHN,68.7,64,66.3
1985,COL,69.6,63.3,66.4
1985,CRI,77.2,71.8,74.4
1985,CZE,74.8,67.5,71.2
1985,DEU,78.2,71.6,75.1
1985,DNK,77.6,71.5,74.5
1985,ESP,79.6,73.1,76.4
1985,EST,74.5,64.6,69.8
1985,FIN,78.7,70.2,74.5
1985,FRA,79.4,71.3,75.4
1985,GBR,77.4,71.6,74.5
1985,GRC,78.4,73.5,76
1985,HUN,73.2,65.1,69.1
1985,IDN,62.3,59.2,60.7
1985,IND,56.3,55.4,55.8
1985,IRL,76.1,70.7,73.4
1985,ISL,80.4,74.9,77.6
1985,ISR,77,73.5,75.4
1985,ITA,78.8,72.3,75.6
1985,JPN,80.5,74.8,77.6
1985,KOR,73.2,64.6,68.9
1985,LTU,75.3,65.6,70.6
1985,LUX,77.3,70.3,73.8
1985,MEX,72.4,66.6,69
1985,NLD,79.8,73.1,76.5
1985,NOR,79.5,72.6,76
1985,NZL,77,71,74
1985,PER,63.6,57.6,60.5
1985,POL,75.3,66.9,71.1
1985,PRT,76.5,69.4,73
1985,ROU,72.3,66.4,69.3
1985,RUS,73.2,62.7,68
1985,SVK,75,67,70.9
1985,SVN,76,67.7,71.9
1985,SWE,79.8,73.8,76.8
1985,TUR,64.3,59.8,62.1
1985,USA,78.2,71.1,74.7
1985,ZAF,65,59,61.9
1986,ARG,73.3,66.1,69.7
1986,AUS,79.2,72.9,76
1986,AUT,77.8,71,74.5
1986,BEL,78.2,71.4,74.8
1986,BGR,74.8,68.5,71.5
1986,BRA,66.7,61.8,64.2
1986,CAN,79.9,73.2,76.5
1986,CHE,80.5,73.7,77.2
1986,CHL,75.2,68.3,71.7
1986,CHN,69.1,64.3,66.6
1986,COL,69.9,63.4,66.6
1986,CRI,77.5,72.1,74.7
1986,CZE,74.7,67.5,71.1
1986,DEU,78.4,71.8,75.3
1986,DNK,77.7,71.8,74.7
1986,ESP,79.9,73.4,76.7
1986,EST,75.1,66.2,70.9
1986,FIN,78.9,70.6,74.9
1986,FRA,79.8,71.6,75.7
1986,GBR,77.7,71.8,74.8
1986,GRC,78.8,74.1,76.4
1986,HUN,73.3,65.3,69.3
1986,IDN,62.9,59.8,61.3
1986,IND,56.9,55.8,56.3
1986,IRL,76.4,70.8,73.5
1986,ISL,80.7,75.4,78
1986,ISR,76.8,73.2,75.1
1986,ITA,79.1,72.6,75.9
1986,JPN,80.9,75.2,78.1
1986,KOR,73.8,65.3,69.5
1986,LTU,76.4,67.8,72.3
1986,LUX,78.7,70.7,74.7
1986,MEX,72.8,67,69.8
1986,NLD,79.7,73.1,76.4
1986,NOR,80,72.9,76.4
1986,NZL,77.1,71.1,74.1
1986,PER,64.2,58.6,61.3
1986,POL,75.1,66.8,71
1986,PRT,76.8,69.9,73.4
1986,ROU,72.8,66.7,69.7
1986,RUS,74.2,64.8,69.5
1986,SVK,75.1,67.2,71.1
1986,SVN,76.4,68.4,72.5
1986,SWE,80.2,74,77
1986,TUR,65.5,60.9,63.2
1986,USA,78.2,71.2,74.7
1986,ZAF,65.4,59.5,62.4
1987,ARG,73.6,66.7,70.1
1987,AUS,79.5,73.1,76.2
1987,AUT,78.2,71.5,75
1987,BEL,78.9,72,75.4
1987,BGR,74.6,68.3,71.3
1987,BRA,67.2,62.2,64.6
1987,CAN,80.2,73.5,76.8
1987,CHE,80.9,74,77.5
1987,CHL,75.5,68.7,72.1
1987,CHN,69.4,64.6,67
1987,COL,70.2,63.4,66.8
1987,CRI,77.8,72.4,75
1987,CZE,75.3,67.9,71.6
1987,DEU,78.9,72.2,75.8
1987,DNK,77.9,71.8,74.8
1987,ESP,80.2,73.5,76.9
1987,EST,75.1,66.3,70.9
1987,FIN,78.8,70.7,74.9
1987,FRA,80.5,72.1,76.3
1987,GBR,78,72.3,75.1
1987,GRC,78.6,73.9,76.2
1987,HUN,73.9,65.7,69.8
1987,IDN,63.3,60.1,61.7
1987,IND,57.5,56.3,56.8
1987,IRL,77.3,71.6,74.3
1987,ISL,79.9,74.9,77.3
1987,ISR,77,73.6,75.4
1987,ITA,79.6,73,76.3
1987,JPN,81.4,75.6,78.5
1987,KOR,74.3,65.9,70.1
1987,LTU,76.3,67.6,72.2
1987,LUX,77.9,70.6,74.3
1987,MEX,73.1,67.3,70.1
1987,NLD,80.3,73.5,76.9
1987,NOR,79.7,72.8,76.2
1987,NZL,77.4,71.5,74.5
1987,PER,65,59.3,62
1987,POL,75.2,67.8,71.5
1987,PRT,77.2,70.3,73.8
1987,ROU,72,66.1,69
1987,RUS,74.3,64.8,69.6
1987,SVK,75.4,67.4,71.3
1987,SVN,76.5,68.2,72.4
1987,SWE,80.3,74.2,77.2
1987,TUR,66.7,62.1,64.4
1987,USA,78.3,71.4,74.9
1987,ZAF,65.9,59.8,62.9
1988,ARG,74,67.1,70.6
1988,AUS,79.5,73.1,76.2
1988,AUT,78.7,71.9,75.5
1988,BEL,79.1,72.2,75.7
1988,BGR,74.7,68.3,71.4
1988,BRA,67.7,62.6,65.1
1988,CAN,80.3,73.6,76.9
1988,CHE,81,73.9,77.5
1988,CHL,75.9,69.2,72.5
1988,CHN,69.8,64.9,67.3
1988,COL,70.5,63.4,66.9
1988,CRI,78,72.7,75.2
1988,CZE,75.4,68.2,71.8
1988,DEU,79.1,72.5,76
1988,DNK,77.8,72.1,74.9
1988,ESP,80.3,73.5,76.9
1988,EST,75,66.5,71
1988,FIN,78.8,70.7,74.8
1988,FRA,80.7,72.4,76.6
1988,GBR,78.1,72.4,75.2
1988,GRC,79.3,74.3,76.8
1988,HUN,74.2,66.2,70.2
1988,IDN,63.4,60.5,62
1988,IND,58,56.7,57.3
1988,IRL,77.3,71.7,74.4
1988,ISL,79.9,74.4,77.1
1988,ISR,77.5,73.9,75.6
1988,ITA,79.7,73.2,76.5
1988,JPN,81.3,75.5,78.4
1988,KOR,74.8,66.5,70.7
1988,LTU,76.3,67.4,72
1988,LUX,79,71,75
1988,MEX,73.5,67.7,70.2
1988,NLD,80.4,73.7,77.1
1988,NOR,79.7,73.1,76.3
1988,NZL,77.8,71.8,74.8
1988,PER,65.8,60.1,62.8
1988,POL,75.7,67.2,71.5
1988,PRT,77.3,70.3,73.8
1988,ROU,72.4,66.5,69.4
1988,RUS,74.5,64.6,69.6
1988,SVK,75.7,67.2,71.4
1988,SVN,77,68.9,73.1
1988,SWE,80,74.1,77.1
1988,TUR,67.5,62.9,65.2
1988,USA,78.3,71.4,74.9
1988,ZAF,66,60,63
1989,ARG,74.4,67.7,71.1
1989,AUS,79.6,73.3,76.4
1989,AUT,78.8,71.9,75.6
1989,BEL,79.1,72.3,75.7
1989,BGR,74.8,68.2,71.4
1989,BRA,68.1,62.9,65.5
1989,CAN,80.5,73.9,77.2
1989,CHE,81.2,74.1,77.7
1989,CHL,76.2,69.7,73
1989,CHN,70.1,65.2,67.6
1989,COL,70.9,63.4,67.1
1989,CRI,78.2,72.9,75.5
1989,CZE,75.5,68.2,71.8
1989,DEU,79.2,72.6,76.1
1989,DNK,77.9,72,74.9
1989,ESP,80.5,73.4,77
1989,EST,74.9,65.7,70.5
1989,FIN,79,70.9,75
1989,FRA,80.9,72.5,76.7
1989,GBR,78.1,72.6,75.4
1989,GRC,79.5,74.5,77
1989,HUN,73.8,65.4,69.5
1989,IDN,63.8,60.7,62.2
1989,IND,58.5,57.1,57.8
1989,IRL,77.2,71.7,74.4
1989,ISL,80.2,76.2,78.2
1989,ISR,78.1,74.6,76.2
1989,ITA,80.2,73.6,77
1989,JPN,81.8,75.9,78.8
1989,KOR,75.3,67,71.2
1989,LTU,76.3,66.9,71.7
1989,LUX,78.4,71.2,74.9
1989,MEX,73.6,67.9,70.5
1989,NLD,80.1,73.7,76.9
1989,NOR,80,73.3,76.6
1989,NZL,78.1,72.2,75.2
1989,PER,66.6,60.9,63.6
1989,POL,75.5,66.8,71.2
1989,PRT,77.9,70.9,74.4
1989,ROU,72.7,66.7,69.7
1989,RUS,74.4,64.2,69.3
1989,SVK,75.6,67,71.2
1989,SVN,77.5,69.3,73.5
1989,SWE,80.7,74.8,77.8
1989,TUR,68,63.4,65.7
1989,USA,78.5,71.7,75.1
1989,ZAF,66.5,60.1,63.3
1990,ARG,74.7,68.1,71.4
1990,AUS,80.1,73.9,76.9
1990,AUT,79,72.3,75.8
1990,BEL,79.5,72.7,76.2
1990,BGR,74.7,68,71.2
1990,BRA,68.5,63.3,65.9
1990,CAN,80.7,74.3,77.5
1990,CHE,80.9,74,77.5
1990,CHL,76.6,70.2,73.4
1990,CHN,70.3,65.5,67.8
1990,COL,71.2,63.4,67.2
1990,CRI,78.3,73.1,75.7
1990,CZE,75.5,67.6,71.5
1990,DEU,80.4,74,77.4
1990,DNK,77.8,72,74.9
1990,ESP,80.6,73.3,76.9
1990,EST,74.9,64.7,69.9
1990,FIN,79,71,75.1
1990,FRA,81.2,72.8,77
1990,GBR,78.5,72.9,75.7
1990,GRC,79.5,74.7,77.1
1990,HUN,73.8,65.2,69.4
1990,IDN,64.3,61.1,62.7
1990,IND,59.1,57.5,58.2
1990,IRL,77.7,72.1,74.8
1990,ISL,80.7,75.5,78.1
1990,ISR,78.4,74.9,76.7
1990,ITA,80.3,73.8,77.1
1990,JPN,81.9,75.9,78.9
1990,KOR,75.9,67.5,71.7
1990,LTU,76.3,66.4,71.5
1990,LUX,78.7,72.4,75.7
1990,MEX,74,67,70.9
1990,NLD,80.2,73.8,77.1
1990,NOR,79.9,73.4,76.6
1990,NZL,78.4,72.5,75.5
1990,PER,67.3,61.6,64.4
1990,POL,75.3,66.3,70.7
1990,PRT,77.5,70.6,74.1
1990,ROU,73.1,66.7,69.9
1990,RUS,74.3,63.7,69
1990,SVK,75.7,66.7,71.1
1990,SVN,77.8,69.8,73.9
1990,SWE,80.5,74.8,77.7
1990,TUR,69.5,65.4,67.5
1990,USA,78.8,71.8,75.4
1990,ZAF,66.4,60.1,63.3
1991,ARG,75,68.6,71.8
1991,AUS,80.4,74.4,77.3
1991,AUT,79.1,72.3,75.9
1991,BEL,79.7,72.9,76.3
1991,BGR,74.4,68,71.1
1991,BRA,69,63.1,66
1991,CAN,80.8,74.5,77.7
1991,CHE,81.4,74.2,77.8
1991,CHL,76.9,70.7,73.8
1991,CHN,70.4,65.7,68
1991,COL,71.5,63.4,67.4
1991,CRI,78.5,73.3,75.8
1991,CZE,75.8,68.2,72
1991,DEU,78.8,72.2,75.7
1991,DNK,78.1,72.5,75.3
1991,ESP,80.7,73.4,77.1
1991,EST,75,64.4,69.8
1991,FIN,79.5,71.4,75.5
1991,FRA,81.4,73,77.2
1991,GBR,78.6,73.1,75.9
1991,GRC,79.8,74.8,77.3
1991,HUN,74,65.1,69.4
1991,IDN,64.8,61.6,63.2
1991,IND,59.5,57.9,58.7
1991,IRL,77.9,72.3,75
1991,ISL,81.3,74.9,78
1991,ISR,78.5,75.1,76.8
1991,ITA,80.4,73.8,77.1
1991,JPN,82.1,76.1,79.1
1991,KOR,76.4,67.9,72.2
1991,LTU,76,65.1,70.6
1991,LUX,79.3,72,75.7
1991,MEX,74.6,68.6,71.6
1991,NLD,80.3,74.1,77.2
1991,NOR,80.2,74,77.1
1991,NZL,78.7,72.9,75.8
1991,PER,68,62.4,65.1
1991,POL,75.1,65.9,70.4
1991,PRT,77.7,70.5,74.1
1991,ROU,73.5,66.8,70.1
1991,RUS,74.2,63.4,68.8
1991,SVK,75.5,66.9,71.1
1991,SVN,77.5,69.5,73.6
1991,SWE,80.7,75,77.8
1991,TUR,69.8,65.7,67.8
1991,USA,78.9,72,75.5
1991,ZAF,66.7,59.9,63.4
1992,ARG,75.6,69,72.3
1992,AUS,80.4,74.5,77.4
1992,AUT,79.3,72.5,76.1
1992,BEL,79.9,73,76.5
1992,BGR,74.8,67.8,71.2
1992,BRA,69.3,63.4,66.3
1992,CAN,81.1,74.8,77.9
1992,CHE,81.6,74.5,78.1
1992,CHL,77.2,71.1,74.1
1992,CHN,70.3,66.1,68.2
1992,COL,71.7,63.3,67.5
1992,CRI,78.6,73.5,76
1992,CZE,76.3,68.6,72.4
1992,DEU,79.3,72.7,76.2
1992,DNK,78,72.6,75.3
1992,ESP,81.3,73.8,77.6
1992,EST,74.8,63.4,69.1
1992,FIN,79.6,71.7,75.7
1992,FRA,81.7,73.3,77.5
1992,GBR,79,73.5,76.2
1992,GRC,79.7,74.7,77.2
1992,HUN,74,64.7,69.2
1992,IDN,65,62.1,63.5
1992,IND,60,58.3,59.1
1992,IRL,78.3,72.7,75.4
1992,ISL,80.8,76.8,78.8
1992,ISR,78.4,74.7,76.6
1992,ITA,80.8,74.2,77.5
1992,JPN,82.2,76.1,79.2
1992,KOR,76.8,68.4,72.6
1992,LTU,76,64.8,70.5
1992,LUX,78.6,71.9,75.3
1992,MEX,74.9,68.9,71.9
1992,NLD,80.4,74.3,77.4
1992,NOR,80.5,74.2,77.3
1992,NZL,78.9,73.2,76.1
1992,PER,68.2,62.8,65.4
1992,POL,75.6,66.5,71
1992,PRT,78.4,71,74.7
1992,ROU,73.2,66,69.5
1992,RUS,73.7,61.9,67.8
1992,SVK,76,67.1,71.5
1992,SVN,77.6,69.6,73.7
1992,SWE,81,75.4,78.2
1992,TUR,70.2,66.1,68.2
1992,USA,79.1,72.3,75.8
1992,ZAF,66.9,59.5,63.3
1993,ARG,75.7,69.1,72.4
1993,AUS,80.9,75,77.9
1993,AUT,79.5,72.8,76.3
1993,BEL,79.9,73,76.5
1993,BGR,75.1,67.6,71.2
1993,BRA,69.8,63.8,66.7
1993,CAN,80.9,74.7,77.8
1993,CHE,81.7,75,78.4
1993,CHL,77.5,71.4,74.4
1993,CHN,71,66.6,68.7
1993,COL,72,63.3,67.6
1993,CRI,78.8,73.7,76.2
1993,CZE,76.5,69.3,72.9
1993,DEU,79.4,72.8,76.2
1993,DNK,77.8,72.6,75.2
1993,ESP,81.3,74,77.7
1993,EST,74,62.3,68.1
1993,FIN,79.5,72.1,75.9
1993,FRA,81.7,73.4,77.5
1993,GBR,78.8,73.5,76.1
1993,GRC,80.1,75.1,77.6
1993,HUN,74,64.7,69.2
1993,IDN,65.6,62.6,64.1
1993,IND,60.3,58.7,59.5
1993,IRL,78.1,72.5,75.3
1993,ISL,80.8,77.1,79
1993,ISR,79.1,75.3,77.2
1993,ITA,81,74.6,77.8
1993,JPN,82.5,76.3,79.4
1993,KOR,77.3,68.9,73.1
1993,LTU,75,63.1,69
1993,LUX,79.6,72.2,76
1993,MEX,74.9,69.2,72
1993,NLD,80.1,74,77.1
1993,NOR,80.3,74.2,77.2
1993,NZL,79.1,73.5,76.3
1993,PER,68.9,63.5,66.1
1993,POL,75.9,67.2,71.5
1993,PRT,78.1,71,74.6
1993,ROU,73.4,65.9,69.5
1993,RUS,71.8,58.8,65.3
1993,SVK,76.3,67.8,72
1993,SVN,77.6,69.4,73.6
1993,SWE,80.9,75.5,78.2
1993,TUR,70.6,66.4,68.5
1993,USA,78.8,72.2,75.5
1993,ZAF,67.1,59.5,63.3
1994,ARG,75.9,69.2,72.6
1994,AUS,80.9,75,77.9
1994,AUT,79.8,73.2,76.7
1994,BEL,80.2,73.4,76.8
1994,BGR,74.8,67.3,70.9
1994,BRA,70.2,64.2,67.1
1994,CAN,81,74.9,78
1994,CHE,82,75.2,78.7
1994,CHL,77.8,71.7,74.7
1994,CHN,71.5,67,69.2
1994,COL,72.5,63.9,68.1
1994,CRI,78.9,74,76.4
1994,CZE,76.8,69.5,73.2
1994,DEU,79.7,73.1,76.6
1994,DNK,78.2,72.8,75.5
1994,ESP,81.7,74.4,78
1994,EST,72.9,60.6,66.6
1994,FIN,80.3,72.8,76.7
1994,FRA,82.2,73.8,78
1994,GBR,79.3,74,76.7
1994,GRC,80.3,75.3,77.8
1994,HUN,74.5,65,69.6
1994,IDN,66.3,62.9,64.6
1994,IND,60.7,59.1,59.8
1994,IRL,78.6,73.1,75.8
1994,ISL,81.5,77.1,79.3
1994,ISR,79.4,75.5,77.4
1994,ITA,81.2,74.8,78
1994,JPN,83,76.6,79.8
1994,KOR,77.7,69.3,73.5
1994,LTU,74.9,62.5,68.6
1994,LUX,79.9,73.2,76.7
1994,MEX,75.1,69.4,72.3
1994,NLD,80.4,74.6,77.6
1994,NOR,80.8,74.9,77.9
1994,NZL,79.3,73.8,76.6
1994,PER,69.4,64.2,66.7
1994,POL,76.1,67.5,71.8
1994,PRT,79,72,75.5
1994,ROU,73.3,65.7,69.4
1994,RUS,71.1,57.4,64.3
1994,SVK,76.7,68.3,72.5
1994,SVN,77.8,70.1,74
1994,SWE,81.6,76.1,78.9
1994,TUR,71,66.8,68.9
1994,USA,79,72.4,75.7
1994,ZAF,66.8,59.1,63
1995,ARG,76,70.2,73.2
1995,AUS,80.8,75,77.8
1995,AUT,80.1,73.4,76.9
1995,BEL,80.4,73.5,77
1995,BGR,74.9,67.4,71
1995,BRA,70.6,64.6,67.6
1995,CAN,81,75.1,78.1
1995,CHE,81.9,75.4,78.7
1995,CHL,78.1,72,75
1995,CHN,71.7,67.4,69.5
1995,COL,72.9,64.5,68.6
1995,CRI,79.1,74.2,76.6
1995,CZE,76.8,69.7,73.3
1995,DEU,79.9,73.3,76.7
1995,DNK,77.9,72.7,75.3
1995,ESP,81.8,74.4,78.1
1995,EST,74.3,61.4,67.7
1995,FIN,80.4,72.8,76.7
1995,FRA,82.2,73.9,78.1
1995,GBR,79.2,74,76.6
1995,GRC,80.4,75.2,77.8
1995,HUN,74.8,65.4,70
1995,IDN,66.4,63.4,64.9
1995,IND,61,59.5,60.2
1995,IRL,78.3,72.8,75.5
1995,ISL,80.1,76,78
1995,ISR,79.5,75.5,77.4
1995,ITA,81.5,75,78.3
1995,JPN,82.9,76.4,79.6
1995,KOR,77.9,69.7,73.8
1995,LTU,75.1,63.3,69.1
1995,LUX,80.6,73,76.8
1995,MEX,75,69.5,72.2
1995,NLD,80.5,74.6,77.6
1995,NOR,80.9,74.8,77.9
1995,NZL,79.5,74.1,76.8
1995,PER,69.8,64.8,67.2
1995,POL,76.4,67.7,72
1995,PRT,79,71.7,75.4
1995,ROU,73.5,65.5,69.3
1995,RUS,71.6,58.1,64.9
1995,SVK,76.5,68.4,72.4
1995,SVN,78.5,70.8,74.7
1995,SWE,81.7,76.2,79
1995,TUR,71.3,67.2,69.3
1995,USA,78.9,72.5,75.8
1995,ZAF,66.2,58.8,62.6
1996,ARG,76.2,70,73.1
1996,AUS,81.1,75.2,78.1
1996,AUT,80.2,73.7,77.1
1996,BEL,80.7,73.9,77.3
1996,BGR,74.5,67.4,70.8
1996,BRA,71.1,64.9,67.9
1996,CAN,81.2,75.4,78.3
1996,CHE,82.2,76,79.2
1996,CHL,78.4,72.3,75.3
1996,CHN,72.3,67.8,70
1996,COL,73.4,65,69.1
1996,CRI,79.2,74.4,76.8
1996,CZE,77.5,70.4,74
1996,DEU,80.1,73.6,77
1996,DNK,78.3,73.1,75.7
1996,ESP,82,74.5,78.3
1996,EST,75.6,64.2,69.9
1996,FIN,80.7,73.1,77
1996,FRA,82.3,74.2,78.2
1996,GBR,79.4,74.2,76.8
1996,GRC,80.6,75.3,77.9
1996,HUN,75,66.3,70.6
1996,IDN,66.8,63.7,65.2
1996,IND,61.4,59.9,60.6
1996,IRL,78.7,73.1,75.8
1996,ISL,81.2,76.5,78.8
1996,ISR,80,76.3,78.1
1996,ITA,81.8,75.4,78.7
1996,JPN,83.6,77,80.3
1996,KOR,78.3,70.2,74.2
1996,LTU,75.9,64.6,70.3
1996,LUX,80.2,73.3,76.8
1996,MEX,75.4,70,72.7
1996,NLD,80.5,74.7,77.6
1996,NOR,81.2,75.4,78.3
1996,NZL,79.7,74.4,77.1
1996,PER,70.3,65.2,67.6
1996,POL,76.6,68.1,72.3
1996,PRT,79,71.6,75.3
1996,ROU,72.8,65.1,68.8
1996,RUS,72.4,59.6,66
1996,SVK,77,68.8,72.9
1996,SVN,79,71.1,75.2
1996,SWE,81.7,76.6,79.2
1996,TUR,71.8,67.6,69.7
1996,USA,79.1,73.1,76.1
1996,ZAF,65.7,58.4,62.3
1997,ARG,76.4,70.1,73.3
1997,AUS,81.3,75.6,78.4
1997,AUT,80.7,74.1,77.5
1997,BEL,80.7,74.2,77.5
1997,BGR,73.8,67,70.3
1997,BRA,71.6,65.4,68.4
1997,CAN,81.3,75.7,78.5
1997,CHE,82.2,76.3,79.4
1997,CHL,78.7,72.5,75.6
1997,CHN,72.5,68.2,70.3
1997,COL,73.8,65.6,69.6
1997,CRI,79.4,74.6,76.9
1997,CZE,77.6,70.5,74.1
1997,DEU,80.5,74.1,77.4
1997,DNK,78.6,73.6,76.1
1997,ESP,82.4,75.2,78.8
1997,EST,75.9,64.2,70.1
1997,FIN,80.7,73.5,77.2
1997,FRA,82.6,74.6,78.6
1997,GBR,79.5,74.5,77
1997,GRC,81,75.7,78.4
1997,HUN,75.5,66.7,71.1
1997,IDN,66.9,63.9,65.4
1997,IND,61.7,60.3,61
1997,IRL,78.7,73.4,76
1997,ISL,81.6,76.3,78.9
1997,ISR,80.1,76,78.1
1997,ITA,82,75.8,79
1997,JPN,83.8,77.2,80.5
1997,KOR,78.7,70.7,74.7
1997,LTU,76.6,65.5,71.1
1997,LUX,80,74,77.1
1997,MEX,75.9,70.4,73.1
1997,NLD,80.7,75.2,78
1997,NOR,81.1,75.5,78.3
1997,NZL,80,74.8,77.4
1997,PER,70.8,65.7,68.1
1997,POL,77,68.5,72.7
1997,PRT,79.4,72.2,75.8
1997,ROU,73.3,65.2,69.1
1997,RUS,72.8,60.9,66.9
1997,SVK,76.9,68.9,72.9
1997,SVN,79.1,71.1,75.2
1997,SWE,82,76.8,79.4
1997,TUR,72.2,68,70.1
1997,USA,79.4,73.6,76.5
1997,ZAF,64.7,57.8,61.5
1998,ARG,76.5,69.7,73.1
1998,AUS,81.5,75.9,78.6
1998,AUT,81,74.5,77.9
1998,BEL,80.7,74.4,77.6
1998,BGR,74.6,67.4,70.9
1998,BRA,72,65.7,68.8
1998,CAN,81.4,76,78.7
1998,CHE,82.7,76.4,79.6
1998,CHL,78.9,72.8,75.8
1998,CHN,72.9,68.6,70.7
1998,COL,74.2,66.1,70.1
1998,CRI,79.5,74.8,77.1
1998,CZE,78.2,71.2,74.7
1998,DEU,80.8,74.5,77.8
1998,DNK,79,74,76.5
1998,ESP,82.4,75.3,78.8
1998,EST,75.4,63.9,69.7
1998,FIN,81,73.6,77.4
1998,FRA,82.7,74.9,78.8
1998,GBR,79.8,74.7,77.2
1998,GRC,80.9,75.8,78.3
1998,HUN,75.6,66.5,71
1998,IDN,67.3,64.1,65.7
1998,IND,62.1,60.7,61.4
1998,IRL,79.1,73.4,76.2
1998,ISL,81.6,77.7,79.7
1998,ISR,80.3,76.1,78.2
1998,ITA,82.1,76,79.1
1998,JPN,84,77.2,80.6
1998,KOR,79,71.2,75.1
1998,LTU,76.7,66,71.4
1998,LUX,80.8,73.7,77.3
1998,MEX,76.3,70.7,73.5
1998,NLD,80.8,75.2,78.1
1998,NOR,81.4,75.6,78.5
1998,NZL,80.2,75.2,77.7
1998,PER,71.2,66.1,68.6
1998,POL,77.4,68.9,73.1
1998,PRT,79.6,72.4,76
1998,ROU,73.8,66.3,69.9
1998,RUS,73.1,61.2,67.2
1998,SVK,77,68.6,72.8
1998,SVN,79.2,71.3,75.3
1998,SWE,82.1,76.9,79.5
1998,TUR,72.3,68.3,70.3
1998,USA,79.5,73.8,76.7
1998,ZAF,63.8,57.3,60.8
1999,ARG,76.8,70.1,73.5
1999,AUS,81.8,76.2,78.9
1999,AUT,81,74.9,78.1
1999,BEL,81,74.4,77.7
1999,BGR,75,68.2,71.6
1999,BRA,72.4,66.1,69.2
1999,CAN,81.6,76.2,78.9
1999,CHE,82.7,76.8,79.9
1999,CHL,79.2,73.1,76.1
1999,CHN,73.6,68.9,71.2
1999,COL,74.6,66.6,70.5
1999,CRI,79.7,75,77.3
1999,CZE,78.3,71.5,74.9
1999,DEU,81,74.8,78
1999,DNK,79,74.2,76.6
1999,ESP,82.3,75.3,78.8
1999,EST,76.1,65,70.6
1999,FIN,81.2,73.8,77.6
1999,FRA,82.7,75.1,78.9
1999,GBR,79.8,74.9,77.4
1999,GRC,81.1,75.9,78.5
1999,HUN,75.6,66.7,71.1
1999,IDN,67.5,64.5,66
1999,IND,62.6,61,61.8
1999,IRL,78.9,73.4,76.1
1999,ISL,81.4,77.4,79.4
1999,ISR,80.4,76.6,78.5
1999,ITA,82.6,76.4,79.6
1999,JPN,84,77.1,80.5
1999,KOR,79.2,71.8,75.5
1999,LTU,77,66.3,71.8
1999,LUX,81.4,74.4,78
1999,MEX,76.7,71.3,74
1999,NLD,80.5,75.3,78
1999,NOR,81.2,75.6,78.4
1999,NZL,80.5,75.6,78.1
1999,PER,71.7,66.6,69.1
1999,POL,77.5,68.8,73.1
1999,PRT,79.8,72.7,76.2
1999,ROU,74.2,67.1,70.6
1999,RUS,72.4,59.9,66.1
1999,SVK,77.4,69,73.2
1999,SVN,79.5,71.8,75.7
1999,SWE,82,77.1,79.6
1999,TUR,72.7,68.6,70.7
1999,USA,79.4,73.9,76.7
1999,ZAF,62.9,56.6,60
2000,ARG,77,70.4,73.7
2000,AUS,82,76.6,79.2
2000,AUT,81.2,75.2,78.3
2000,BEL,81,74.6,77.9
2000,BGR,75,68.4,71.6
2000,BRA,72.8,66.4,69.5
2000,CAN,81.8,76.6,79.3
2000,CHE,82.8,77,80
2000,CHL,79.5,73.4,76.4
2000,CHN,73.6,69.4,71.4
2000,COL,75,67.1,71
2000,CRI,80.2,75.5,77.8
2000,CZE,78.5,71.6,75.1
2000,DEU,81.2,75.1,78.3
2000,DNK,79.2,74.5,76.9
2000,ESP,82.8,75.8,79.3
2000,EST,76.4,65.6,71.1
2000,FIN,81.2,74.2,77.8
2000,FRA,83,75.4,79.2
2000,GBR,80.2,75.4,77.8
2000,GRC,81.3,75.9,78.6
2000,HUN,76.2,67.5,71.9
2000,IDN,68,64.5,66.2
2000,IND,63.1,61.4,62.2
2000,IRL,79.2,74,76.6
2000,ISL,81.6,77.8,79.7
2000,ISR,80.9,76.7,78.8
2000,ITA,82.8,76.9,79.9
2000,JPN,84.6,77.7,81.2
2000,KOR,79.7,72.3,76
2000,LTU,77.4,66.7,72.1
2000,LUX,81.3,74.6,78
2000,MEX,77.4,72,74.7
2000,NLD,80.7,75.6,78.2
2000,NOR,81.5,76,78.8
2000,NZL,80.8,75.9,78.4
2000,PER,72.3,67.3,69.7
2000,POL,78,69.6,73.8
2000,PRT,80.4,73.3,76.8
2000,ROU,74.8,67.7,71.2
2000,RUS,72.3,59,65.7
2000,SVK,77.5,69.2,73.3
2000,SVN,79.9,72.2,76.2
2000,SWE,82,77.4,79.8
2000,TUR,73.1,69,71.1
2000,USA,79.3,74.1,76.8
2000,ZAF,62,56,59.2
2001,ARG,77.2,70.6,73.9
2001,AUS,82.4,77,79.6
2001,AUT,81.7,75.6,78.8
2001,BEL,81.2,74.9,78.1
2001,BGR,75.4,68.6,71.9
2001,BRA,73.4,66.3,69.7
2001,CAN,82,76.9,79.5
2001,CHE,83.2,77.5,80.5
2001,CHL,79.8,73.6,76.6
2001,CHN,74.2,69.7,71.9
2001,COL,75.4,67.6,71.4
2001,CRI,80.4,75.7,78.1
2001,CZE,78.5,72,75.3
2001,DEU,81.4,75.6,78.6
2001,DNK,79.3,74.7,77
2001,ESP,83.2,76.3,79.8
2001,EST,76.5,65.2,70.9
2001,FIN,81.7,74.6,78.2
2001,FRA,83,75.5,79.3
2001,GBR,80.4,75.7,78
2001,GRC,81.9,76.3,79.1
2001,HRV,78.1,70.9,74.6
2001,HUN,76.7,68.2,72.5
2001,IDN,68,64.9,66.4
2001,IND,63.6,61.8,62.7
2001,IRL,79.9,74.5,77.2
2001,ISL,83.2,78.3,80.7
2001,ISR,81.2,77.3,79.3
2001,ITA,83.2,77.2,80.3
2001,JPN,84.9,78.1,81.5
2001,KOR,80.1,72.9,76.5
2001,LTU,77.4,65.9,71.6
2001,LUX,80.7,75.1,78
2001,MEX,77.7,72.4,75
2001,NLD,80.8,75.8,78.4
2001,NOR,81.6,76.2,79
2001,NZL,81.1,76.3,78.7
2001,PER,72.9,68,70.4
2001,POL,78.4,70,74.2
2001,PRT,80.7,73.6,77.2
2001,ROU,74.9,67.5,71.1
2001,RUS,72.2,58.9,65.6
2001,SVK,77.7,69.5,73.6
2001,SVN,80.4,72.3,76.4
2001,SWE,82.2,77.6,79.9
2001,TUR,73.5,69.4,71.5
2001,USA,79.5,74.3,77
2001,ZAF,61,55.4,58.5
2002,ARG,77.6,70.7,74.2
2002,AUS,82.6,77.4,79.9
2002,AUT,81.7,75.8,78.9
2002,BEL,81.2,75.1,78.2
2002,BGR,75.5,68.8,72.1
2002,BRA,74,66.6,70.2
2002,CAN,82,77.2,79.6
2002,CHE,83.2,77.9,80.6
2002,CHL,80,73.9,76.9
2002,CHN,75.3,70.2,72.6
2002,COL,75.7,68,71.8
2002,CRI,80.6,76,78.3
2002,CZE,78.7,72.1,75.4
2002,DEU,81.3,75.7,78.6
2002,DNK,79.4,74.8,77.1
2002,ESP,83.3,76.4,79.8
2002,EST,77.2,65.6,71.4
2002,FIN,81.6,74.9,78.3
2002,FRA,83,75.8,79.4
2002,GBR,80.5,75.8,78.2
2002,GRC,82,76.4,79.2
2002,HRV,78.3,71,74.7
2002,HUN,76.7,68.3,72.6
2002,IDN,68.5,65,66.8
2002,IND,64.1,62.1,63.1
2002,IRL,80.4,75,77.7
2002,ISL,82.5,78.6,80.6
2002,ISR,81.5,77.5,79.6
2002,ITA,83.2,77.4,80.4
2002,JPN,85.2,78.3,81.8
2002,KOR,80.3,73.4,76.8
2002,LTU,77.4,66.1,71.8
2002,LUX,81.5,74.6,78.1
2002,LVA,75.8,64.4,70.2
2002,MEX,77.7,72.4,75.1
2002,NLD,80.7,76,78.5
2002,NOR,81.6,76.4,79
2002,NZL,81.3,76.7,79
2002,PER,73.4,68.8,71
2002,POL,78.8,70.3,74.5
2002,PRT,80.8,73.9,77.4
2002,ROU,74.6,67.3,70.9
2002,RUS,71.9,58.7,65.3
2002,SVK,77.7,69.8,73.8
2002,SVN,80.5,72.6,76.6
2002,SWE,82.1,77.7,80
2002,TUR,73.9,69.8,71.9
2002,USA,79.6,74.4,77
2002,ZAF,59.5,54.6,57.3
2003,ARG,78.1,70.8,74.4
2003,AUS,82.8,77.8,80.2
2003,AUT,81.5,75.9,78.8
2003,BEL,81.1,75.3,78.3
2003,BGR,75.9,68.9,72.3
2003,BRA,74.2,66.8,70.4
2003,CAN,82.2,77.3,79.8
2003,CHE,83.2,78,80.7
2003,CHL,80.2,74.2,77.1
2003,CHN,75.6,70.5,73
2003,COL,76.1,68.5,72.2
2003,CRI,80.8,76.1,78.5
2003,CZE,78.6,72,75.3
2003,DEU,81.3,75.8,78.6
2003,DNK,79.8,75,77.4
2003,ESP,83,76.4,79.7
2003,EST,77.2,66.4,71.9
2003,FIN,81.9,75.1,78.6
2003,FRA,82.8,75.8,79.3
2003,GBR,80.5,76.1,78.3
2003,GRC,82,76.6,79.3
2003,HRV,78.1,71,74.6
2003,HUN,76.7,68.4,72.6
2003,IDN,68.7,65.6,67.1
2003,IND,64.7,62.6,63.6
2003,IRL,80.7,75.7,78.2
2003,ISL,82.5,79.5,81
2003,ISR,81.8,77.6,79.8
2003,ITA,82.8,77.3,80.1
2003,JPN,85.3,78.4,81.8
2003,KOR,80.8,73.8,77.3
2003,LTU,77.7,66.4,72
2003,LUX,80.8,74.8,77.9
2003,LVA,75.7,65.3,70.6
2003,MEX,77.7,72.4,75.1
2003,NLD,81,76.3,78.7
2003,NOR,82.1,77.1,79.6
2003,NZL,81.5,77,79.3
2003,PER,73.9,69.5,71.7
2003,POL,78.8,70.5,74.7
2003,PRT,80.8,74.2,77.5
2003,ROU,74.8,67.4,71
2003,RUS,71.9,58.5,65.2
2003,SVK,77.7,69.8,73.8
2003,SVN,80.3,72.5,76.4
2003,SWE,82.5,78,80.3
2003,TUR,74.4,70.2,72.3
2003,USA,79.7,74.5,77.2
2003,ZAF,57.7,53.2,55.7
2004,ARG,77.3,70.8,74.1
2004,AUS,83,78.1,80.5
2004,AUT,82.1,76.4,79.3
2004,BEL,81.9,76,79
2004,BGR,76.2,69,72.5
2004,BRA,74.4,67.2,70.7
2004,CAN,82.4,77.7,80.1
2004,CHE,83.8,78.6,81.3
2004,CHL,80.5,74.4,77.4
2004,CHN,76,70.9,73.4
2004,COL,76.5,68.9,72.6
2004,CRI,81,76.2,78.6
2004,CZE,79.1,72.5,75.9
2004,DEU,81.9,76.5,79.3
2004,DNK,80.2,75.4,77.8
2004,ESP,83.7,77,80.4
2004,EST,78,66.7,72.4
2004,FIN,82.5,75.4,79
2004,FRA,83.9,76.7,80.4
2004,GBR,81,76.6,78.8
2004,GRC,82.2,76.6,79.4
2004,HRV,78.8,71.8,75.4
2004,HUN,77.2,68.7,73
2004,IDN,69.2,65.6,67.4
2004,IND,65.3,63,64.1
2004,IRL,81.1,76.1,78.6
2004,ISL,83.2,78.9,81.1
2004,ISR,82.4,78,80.3
2004,ITA,83.7,78,80.9
2004,JPN,85.6,78.6,82.1
2004,KOR,81.2,74.3,77.8
2004,LTU,77.7,66.2,72
2004,LUX,82.4,76,79.2
2004,LVA,76,65.6,70.9
2004,MEX,78,72.8,75.4
2004,NLD,81.5,76.9,79.3
2004,NOR,82.5,77.6,80.1
2004,NZL,81.7,77.4,79.6
2004,PER,74.4,70.2,72.2
2004,POL,79.2,70.6,74.9
2004,PRT,81.8,75,78.4
2004,ROU,75.1,67.8,71.4
2004,RUS,72.4,58.9,65.6
2004,SVK,78,70.3,74.2
2004,SVN,80.8,73.5,77.2
2004,SWE,82.8,78.4,80.7
2004,TUR,74.8,70.6,72.7
2004,USA,80.1,75,77.6
2004,ZAF,56.2,52,54.3
2005,ARG,78.1,71.5,74.9
2005,AUS,83.3,78.5,80.8
2005,AUT,82.2,76.6,79.5
2005,BEL,81.9,76.2,79.1
2005,BGR,76.2,69,72.5
2005,BRA,74.9,67.5,71.1
2005,CAN,82.5,77.8,80.2
2005,CHE,84,78.7,81.5
2005,CHL,80.7,74.7,77.6
2005,CHN,76.4,71.3,73.7
2005,COL,76.8,69.3,73
2005,CRI,81.2,76.4,78.8
2005,CZE,79.2,72.9,76.1
2005,DEU,82,76.7,79.4
2005,DNK,80.5,76,78.3
2005,ESP,83.6,77,80.3
2005,EST,78.2,67.6,73
2005,FIN,82.5,75.6,79.1
2005,FRA,83.9,76.8,80.4
2005,GBR,81.2,76.9,79
2005,GRC,82.5,76.8,79.6
2005,HRV,78.8,71.7,75.3
2005,HUN,77.2,68.7,73
2005,IDN,67.1,64.4,65.8
2005,IND,65.8,63.3,64.5
2005,IRL,81.3,76.7,79
2005,ISL,83.5,79.6,81.5
2005,ISR,82.2,78.2,80.3
2005,ITA,83.6,78.1,80.9
2005,JPN,85.5,78.6,82
2005,KOR,81.6,74.9,78.2
2005,LTU,77.4,65.2,71.2
2005,LUX,82.3,76.7,79.6
2005,LVA,76.3,64.9,70.6
2005,MEX,77.8,72.6,75.2
2005,NLD,81.7,77.2,79.6
2005,NOR,82.7,77.8,80.3
2005,NZL,81.9,77.7,79.8
2005,PER,74.7,70.7,72.7
2005,POL,79.3,70.8,75
2005,PRT,81.5,74.9,78.2
2005,ROU,75.4,68.4,71.9
2005,RUS,72.5,58.9,65.7
2005,SVK,78.1,70.2,74.1
2005,SVN,80.9,73.9,77.5
2005,SWE,82.9,78.5,80.7
2005,TUR,75.2,71,73.1
2005,USA,80.1,75,77.6
2005,ZAF,55.7,51.9,54
2006,ARG,78.5,71.7,75.1
2006,AUS,83.5,78.7,81
2006,AUT,82.8,77.1,80.1
2006,BEL,82.3,76.6,79.5
2006,BGR,76.3,69.2,72.7
2006,BRA,75.4,68.3,71.8
2006,CAN,82.9,78.3,80.7
2006,CHE,84.2,79.2,81.8
2006,CHL,80.9,74.9,77.8
2006,CHN,76.8,71.6,74.1
2006,COL,77,69.6,73.3
2006,CRI,81.4,76.5,79
2006,CZE,79.9,73.5,76.7
2006,DEU,82.4,77.2,79.9
2006,DNK,80.7,76.1,78.4
2006,ESP,84.4,77.8,81.1
2006,EST,78.6,67.6,73.2
2006,FIN,83.1,75.9,79.5
2006,FRA,84.5,77.4,81
2006,GBR,81.5,77.2,79.3
2006,GRC,82.7,77.1,79.9
2006,HRV,79.3,72.4,75.9
2006,HUN,77.8,69.2,73.5
2006,IDN,69.3,66,67.6
2006,IND,66.4,63.7,65
2006,IRL,81.7,76.9,79.3
2006,ISL,82.9,79.5,81.2
2006,ISR,82.5,78.7,80.7
2006,ITA,84.1,78.6,81.4
2006,JPN,85.8,79,82.4
2006,KOR,82.1,75.4,78.8
2006,LTU,77.1,65,71
2006,LUX,81.9,76.8,79.4
2006,LVA,76.1,65,70.6
2006,MEX,78.2,72.9,75.5
2006,NLD,82,77.7,80
2006,NOR,82.9,78.2,80.6
2006,NZL,82.2,78,80.1
2006,PER,75,71.1,73
2006,POL,79.7,70.9,75.3
2006,PRT,82.5,75.5,79
2006,ROU,76.1,69,72.5
2006,RUS,73.3,60.4,66.9
2006,SVK,78.4,70.4,74.5
2006,SVN,82,74.5,78.3
2006,SWE,83.1,78.8,81
2006,TUR,75.6,71.2,73.4
2006,USA,80.3,75.2,77.8
2006,ZAF,55.4,52.1,54
2007,ARG,78.7,72.1,75.4
2007,AUS,83.7,79,81.3
2007,AUT,83.1,77.4,80.3
2007,BEL,82.6,77.1,79.9
2007,BGR,76.6,69.5,73
2007,BRA,75.7,68.5,72
2007,CAN,82.9,78.3,80.7
2007,CHE,84.4,79.5,82
2007,CHL,81.1,75.1,78.1
2007,CHN,77.2,72,74.5
2007,COL,77.3,69.9,73.5
2007,CRI,81.6,76.6,79.1
2007,CZE,80.2,73.8,77
2007,DEU,82.7,77.4,80.1
2007,DNK,80.6,76.2,78.4
2007,ESP,84.4,77.9,81.1
2007,EST,78.9,67.5,73.2
2007,FIN,83.1,76,79.6
2007,FRA,84.8,77.6,81.3
2007,GBR,81.6,77.4,79.5
2007,GRC,82.5,76.9,79.7
2007,HRV,79.2,72.2,75.8
2007,HUN,77.8,69.4,73.6
2007,IDN,69.8,66,67.9
2007,IND,66.9,64.1,65.4
2007,IRL,82.1,77.3,79.7
2007,ISL,83.4,79.6,81.5
2007,ISR,82.4,78.7,80.7
2007,ITA,84.2,78.8,81.6
2007,JPN,86,79.2,82.6
2007,KOR,82.5,75.9,79.2
2007,LTU,77.2,64.5,70.7
2007,LUX,82.2,76.7,79.5
2007,LVA,76.2,65.3,70.8
2007,MEX,78,72.7,75.4
2007,NLD,82.5,78.1,80.4
2007,NOR,82.9,78.3,80.6
2007,NZL,82.3,78.2,80.3
2007,PER,75.2,71.2,73.2
2007,POL,79.8,71,75.4
2007,PRT,82.5,75.9,79.3
2007,ROU,76.8,69.5,73.1
2007,RUS,74,61.5,67.7
2007,SVK,78.4,70.6,74.6
2007,SVN,82,74.6,78.4
2007,SWE,83.1,79,81.1
2007,TUR,75.9,71.4,73.7
2007,USA,80.6,75.5,78.1
2007,ZAF,55.9,52.2,54.3
2008,ARG,78.5,71.5,75
2008,AUS,83.7,79.2,81.4
2008,AUT,83.3,77.7,80.6
2008,BEL,82.6,76.9,79.8
2008,BGR,77,69.8,73.3
2008,BRA,75.9,69,72.4
2008,CAN,83.1,78.5,80.8
2008,CHE,84.6,79.8,82.3
2008,CHL,81.3,75.4,78.3
2008,CHN,77.5,72.2,74.8
2008,COL,77.5,70.2,73.8
2008,CRI,81.8,76.8,79.3
2008,CZE,80.5,74.1,77.3
2008,DEU,82.7,77.6,80.2
2008,DNK,81,76.5,78.8
2008,ESP,84.6,78.3,81.5
2008,EST,79.5,68.9,74.4
2008,FIN,83.3,76.5,79.9
2008,FRA,84.8,77.9,81.4
2008,GBR,81.7,77.6,79.6
2008,GRC,83,77.5,80.2
2008,HRV,79.7,72.3,76
2008,HUN,78.3,70,74.2
2008,IDN,69.9,66.5,68.2
2008,IND,67.3,64.4,65.8
2008,IRL,82.4,77.9,80.2
2008,ISL,83.3,80,81.6
2008,ISR,83,79,81.1
2008,ITA,84.2,78.9,81.7
2008,JPN,86.1,79.3,82.7
2008,KOR,83,76.2,79.6
2008,LTU,77.6,65.9,71.7
2008,LUX,83.1,78.1,80.7
2008,LVA,77.5,66.5,72.1
2008,MEX,78.1,72.2,75.2
2008,NLD,82.5,78.4,80.5
2008,NOR,83.2,78.4,80.8
2008,NZL,82.5,78.4,80.5
2008,PER,75.3,71.3,73.2
2008,POL,80,71.3,75.6
2008,PRT,82.7,76.2,79.5
2008,ROU,77.5,69.7,73.5
2008,RUS,74.3,61.9,68.1
2008,SVK,79,70.9,74.9
2008,SVN,82.6,75.5,79.1
2008,SWE,83.3,79.2,81.3
2008,TUR,76.2,71.5,73.9
2008,USA,80.6,75.6,78.2
2008,ZAF,56.9,52.7,55
2009,ARG,78.9,72.3,75.6
2009,AUS,83.9,79.3,81.5
2009,AUT,83.2,77.6,80.5
2009,BEL,82.8,77.4,80.2
2009,BGR,77.4,70.2,73.7
2009,BRA,76.1,69.4,72.7
2009,CAN,83.3,78.9,81.2
2009,CHE,84.6,79.9,82.3
2009,CHL,81.5,75.6,78.5
2009,CHN,77.6,72.4,74.9
2009,COL,77.7,70.5,74
2009,CRI,82,76.9,79.4
2009,CZE,80.5,74.3,77.4
2009,DEU,82.8,77.8,80.3
2009,DNK,81.1,76.9,79
2009,ESP,85,78.8,81.9
2009,EST,80.3,70,75.3
2009,FIN,83.5,76.6,80.1
2009,FRA,85,78,81.6
2009,GBR,82.2,78.1,80.1
2009,GRC,83.3,77.5,80.4
2009,HRV,79.7,72.8,76.3
2009,HUN,78.4,70.3,74.4
2009,IDN,69.9,66.5,68.2
2009,IND,67.8,64.7,66.1
2009,IRL,82.7,77.8,80.2
2009,ISL,83.8,79.8,81.8
2009,ISR,83.3,79.6,81.5
2009,ITA,84.3,79.1,81.8
2009,JPN,86.4,79.6,83
2009,KOR,83.4,76.7,80
2009,LTU,78.7,67.1,72.9
2009,LUX,83.3,78.1,80.8
2009,LVA,77.7,67.5,72.8
2009,MEX,77.9,71.9,74.9
2009,NLD,82.9,78.7,80.9
2009,NOR,83.2,78.7,81
2009,NZL,82.6,78.7,80.7
2009,PER,75.5,71.4,73.4
2009,POL,80.1,71.5,75.9
2009,PRT,82.8,76.5,79.7
2009,ROU,77.7,69.8,73.7
2009,RUS,74.8,62.9,68.8
2009,SVK,79.1,71.4,75.3
2009,SVN,82.7,75.9,79.4
2009,SWE,83.5,79.4,81.5
2009,TUR,76.5,71.7,74.1
2009,USA,80.9,76,78.5
2009,ZAF,58.1,53.5,56
2010,ARG,79.1,72.7,75.9
2010,AUS,84,79.5,81.7
2010,AUT,83.5,77.8,80.7
2010,BEL,83,77.5,80.3
2010,BGR,77.4,70.3,73.8
2010,BRA,76.3,69.7,72.9
2010,CAN,83.5,79.2,81.4
2010,CHE,84.9,80.3,82.7
2010,CHL,81.7,75.9,78.7
2010,CHN,78.1,72.8,75.3
2010,COL,77.9,70.8,74.3
2010,CRI,81.6,76.6,79.1
2010,CZE,80.9,74.5,77.7
2010,DEU,83,78,80.5
2010,DNK,81.4,77.2,79.3
2010,ESP,85.5,79.2,82.4
2010,EST,80.8,70.9,76
2010,FIN,83.5,76.9,80.2
2010,FRA,85.3,78.3,81.9
2010,GBR,82.3,78.4,80.4
2010,GRC,83.3,78,80.6
2010,HRV,79.9,73.4,76.7
2010,HUN,78.6,70.7,74.7
2010,IDN,70.4,66.6,68.5
2010,IND,68.2,65,66.5
2010,IRL,83.1,78.5,80.8
2010,ISL,84.1,79.8,81.9
2010,ISR,83.6,79.7,81.7
2010,ITA,84.7,79.5,82.2
2010,JPN,86.3,79.6,82.9
2010,KOR,83.6,76.8,80.2
2010,LTU,78.9,67.6,73.3
2010,LUX,83.5,77.9,80.8
2010,LVA,78,67.9,73.1
2010,MEX,77.9,71.6,74.8
2010,NLD,83,78.9,81
2010,NOR,83.3,79,81.2
2010,NZL,82.7,78.9,80.8
2010,PER,75.7,71.4,73.5
2010,POL,80.7,72.2,76.4
2010,PRT,83.2,76.8,80.1
2010,ROU,77.7,70,73.7
2010,RUS,74.9,63.1,69
2010,SVK,79.3,71.8,75.6
2010,SVN,83.1,76.4,79.8
2010,SWE,83.6,79.6,81.6
2010,TUR,76.8,71.8,74.3
2010,USA,81,76.2,78.7
2010,ZAF,59.7,54.7,57.4
2011,ARG,78.8,72.5,75.7
2011,AUS,84.2,79.7,81.9
2011,AUT,83.8,78.3,81.1
2011,BEL,83.3,78,80.7
2011,BGR,77.8,70.7,74.2
2011,BRA,76.6,69.8,73.2
2011,CAN,83.7,79.4,81.6
2011,CHE,85,80.5,82.8
2011,CHL,81.9,76.1,79
2011,CHN,78.3,73.1,75.6
2011,COL,78.1,71.1,74.5
2011,CRI,81.6,76.6,79.1
2011,CZE,81.1,74.8,78
2011,DEU,83.1,77.9,80.6
2011,DNK,81.9,77.8,79.9
2011,ESP,85.6,79.5,82.6
2011,EST,81.3,71.4,76.6
2011,FIN,83.8,77.3,80.6
2011,FRA,85.7,78.8,82.3
2011,GBR,82.7,78.8,80.7
2011,GRC,83.6,78,80.8
2011,HRV,80.4,73.8,77.2
2011,HUN,78.7,71.2,75.1
2011,IDN,70.4,66.9,68.7
2011,IND,68.6,65.3,66.9
2011,IRL,83,78.6,80.9
2011,ISL,84.1,80.7,82.4
2011,ISR,83.5,79.9,81.8
2011,ITA,84.8,79.7,82.4
2011,JPN,85.9,79.4,82.7
2011,KOR,84,77.3,80.6
2011,LTU,79.3,68.1,73.7
2011,LUX,83.6,78.5,81.1
2011,LVA,78.8,68.6,73.9
2011,MEX,78,71.8,74.9
2011,NLD,83.1,79.4,81.3
2011,NOR,83.6,79.1,81.4
2011,NZL,82.9,79.1,81
2011,PER,75.9,71.6,73.7
2011,POL,81.1,72.5,76.8
2011,PRT,83.8,77.3,80.7
2011,ROU,78.2,70.8,74.4
2011,RUS,75.6,64,69.8
2011,SVK,79.8,72.3,76.1
2011,SVN,83.3,76.8,80.1
2011,SWE,83.8,79.9,81.9
2011,TUR,77.1,72,74.6
2011,USA,81.1,76.3,78.7
2011,ZAF,61.3,56.1,58.9
2012,ARG,79.3,72.8,76.1
2012,AUS,84.3,79.9,82
2012,AUT,83.6,78.4,81.1
2012,BEL,83.1,77.8,80.5
2012,BGR,77.9,70.9,74.4
2012,BRA,76.7,70.1,73.3
2012,CAN,83.8,79.6,81.8
2012,CHE,84.9,80.6,82.8
2012,CHL,82.1,76.3,79.2
2012,CHN,78.6,73.4,75.9
2012,COL,78.3,71.4,74.7
2012,CRI,81.9,76.9,79.4
2012,CZE,81.2,75.1,78.1
2012,DEU,83.1,78.1,80.7
2012,DNK,82.1,78.1,80.2
2012,ESP,85.5,79.5,82.5
2012,EST,81.5,71.4,76.7
2012,FIN,83.7,77.7,80.7
2012,FRA,85.4,78.7,82.1
2012,GBR,82.7,79,80.8
2012,GRC,83.4,78,80.7
2012,HRV,80.6,73.9,77.3
2012,HUN,78.7,71.6,75.3
2012,IDN,70.6,67.1,68.8
2012,IND,69.1,65.8,67.4
2012,IRL,83.1,78.7,80.9
2012,ISL,84.3,81.6,83
2012,ISR,83.6,79.9,81.8
2012,ITA,84.8,79.8,82.4
2012,JPN,86.4,79.9,83.2
2012,KOR,84.2,77.6,80.9
2012,LTU,79.6,68.4,74.1
2012,LUX,83.8,79.1,81.5
2012,LVA,78.9,68.9,74.1
2012,MEX,78,72,75
2012,NLD,83,79.3,81.2
2012,NOR,83.5,79.5,81.5
2012,NZL,83,79.3,81.2
2012,PER,76.3,72.1,74.1
2012,POL,81.1,72.6,76.9
2012,PRT,83.6,77.3,80.6
2012,ROU,78.1,70.9,74.4
2012,RUS,75.9,64.6,70.2
2012,SVK,79.9,72.5,76.3
2012,SVN,83.3,77.1,80.3
2012,SWE,83.6,79.9,81.8
2012,TUR,77.2,72,74.6
2012,USA,81.2,76.4,78.8
2012,ZAF,63.1,57.7,60.7
2013,ARG,80,72.9,76.5
2013,AUS,84.3,80.1,82.1
2013,AUT,83.8,78.6,81.3
2013,BEL,83.2,78.1,80.7
2013,BGR,78.6,71.3,74.9
2013,BRA,76.9,70.3,73.6
2013,CAN,83.9,79.7,81.8
2013,CHE,85,80.7,82.9
2013,CHL,82.3,76.6,79.4
2013,CHN,79,73.6,76.2
2013,COL,78.5,71.7,75
2013,CRI,82.1,77.1,79.6
2013,CZE,81.3,75.2,78.3
2013,DEU,83,78.1,80.6
2013,DNK,82.4,78.3,80.4
2013,ESP,86.1,80.2,83.2
2013,EST,81.7,72.8,77.5
2013,FIN,84.1,78,81.1
2013,FRA,85.6,79,82.4
2013,GBR,82.8,79,80.9
2013,GRC,84,78.7,81.4
2013,HRV,81,74.5,77.8
2013,HUN,79.1,72.2,75.8
2013,IDN,70.8,67.2,69
2013,IND,69.6,66.3,67.9
2013,IRL,83.1,78.9,81
2013,ISL,83.7,80.5,82.1
2013,ISR,83.9,80.3,82.1
2013,ITA,85.2,80.3,82.9
2013,JPN,86.6,80.2,83.4
2013,KOR,84.6,78.1,81.4
2013,LTU,79.6,68.5,74.1
2013,LUX,83.9,79.8,81.9
2013,LVA,78.9,69.3,74.3
2013,MEX,78,72.1,75
2013,NLD,83.2,79.5,81.4
2013,NOR,83.8,79.8,81.8
2013,NZL,83.2,79.5,81.4
2013,PER,76.7,72.5,74.5
2013,POL,81.2,73,77.1
2013,PRT,84,77.6,80.9
2013,ROU,78.7,71.6,75.1
2013,RUS,76.3,65.1,70.7
2013,SVK,80.1,72.9,76.6
2013,SVN,83.6,77.2,80.5
2013,SWE,83.8,80.2,82
2013,TUR,80.7,75.3,78
2013,USA,81.2,76.4,78.8
2013,ZAF,64.4,58.8,61.8
2014,ARG,79.9,73,76.5
2014,AUS,84.4,80.3,82.3
2014,AUT,84,79.1,81.6
2014,BEL,83.9,78.8,81.4
2014,BGR,78,71.1,74.5
2014,BRA,77.1,70.7,73.9
2014,CAN,83.9,79.8,81.9
2014,CHE,85.4,81.1,83.3
2014,CHL,82.5,76.8,79.6
2014,CHN,79.2,73.9,76.5
2014,COL,78.7,71.9,75.2
2014,CRI,82.3,77.2,79.7
2014,CZE,82,75.8,78.9
2014,DEU,83.6,78.7,81.2
2014,DNK,82.8,78.7,80.7
2014,ESP,86.2,80.4,83.3
2014,EST,81.9,72.4,77.4
2014,FIN,84.1,78.4,81.3
2014,FRA,86.1,79.5,82.9
2014,GBR,83,79.3,81.1
2014,GRC,84.1,78.8,81.5
2014,HRV,81,74.7,77.9
2014,HUN,79.4,72.3,76
2014,IDN,71.3,67.2,69.3
2014,IND,70.1,67,68.5
2014,IRL,83.5,79.3,81.4
2014,ISL,84.5,81.3,82.9
2014,ISR,84.1,80.3,82.2
2014,ITA,85.6,80.7,83.2
2014,JPN,86.8,80.5,83.7
2014,KOR,85,78.6,81.8
2014,LTU,80.1,69.2,74.7
2014,LUX,85.2,79.4,82.3
2014,LVA,79.4,69.1,74.5
2014,MEX,77.8,72.1,75
2014,NLD,83.5,80,81.8
2014,NOR,84.2,80.1,82.2
2014,NZL,83.2,79.6,81.4
2014,PER,77.1,72.9,75
2014,POL,81.7,73.7,77.8
2014,PRT,84.4,78,81.3
2014,ROU,78.7,71.3,75
2014,RUS,76.5,65.3,70.9
2014,SVK,80.5,73.3,77
2014,SVN,84.1,78.2,81.2
2014,SWE,84.2,80.4,82.3
2014,TUR,80.7,75.3,78
2014,USA,81.3,76.5,78.9
2014,ZAF,65.3,59.4,62.5
2015,ARG,80,73.4,76.8
2015,AUS,84.5,80.4,82.4
2015,AUT,83.7,78.8,81.3
2015,BEL,83.4,78.7,81.1
2015,BGR,78.2,71.2,74.7
2015,BRA,77.4,71.2,74.3
2015,CAN,83.9,79.9,81.9
2015,CHE,85.1,80.8,83
2015,CHL,82.7,77,79.8
2015,CHN,79.5,74.1,76.7
2015,COL,78.9,72.2,75.4
2015,CRI,82.4,77.4,79.9
2015,CZE,81.6,75.7,78.7
2015,DEU,83.1,78.3,80.7
2015,DNK,82.7,78.8,80.8
2015,ESP,85.7,80.1,83
2015,EST,82.2,73.2,78
2015,FIN,84.4,78.7,81.6
2015,FRA,85.6,79.2,82.4
2015,GBR,82.7,79,80.9
2015,GRC,83.7,78.5,81.1
2015,HRV,80.5,74.4,77.5
2015,HUN,79,72.3,75.7
2015,IDN,71.5,67.6,69.5
2015,IND,70.6,67.7,69.1
2015,IRL,83.4,79.6,81.5
2015,ISL,83.8,81.2,82.5
2015,ISR,84.1,80.1,82.2
2015,ITA,84.9,80.3,82.7
2015,JPN,87,80.8,83.9
2015,KOR,85.2,79,82.1
2015,LTU,79.7,69.2,74.6
2015,LUX,84.7,80,82.4
2015,LVA,79.5,69.7,74.8
2015,MEX,77.6,71.9,74.7
2015,NLD,83.2,79.9,81.6
2015,NOR,84.2,80.5,82.4
2015,NZL,83.3,79.7,81.5
2015,PER,77.4,73.3,75.3
2015,POL,81.6,73.5,77.5
2015,PRT,84.3,78.1,81.3
2015,ROU,78.6,71.4,74.9
2015,RUS,76.7,65.9,71.3
2015,SVK,80.2,73.1,76.7
2015,SVN,83.9,77.8,80.9
2015,SWE,84.1,80.4,82.2
2015,TUR,80.7,75.3,78
2015,USA,81.1,76.3,78.7
2015,ZAF,66.3,60.1,63.4
2016,ARG,80.2,73.3,76.8
2016,AUS,84.6,80.4,82.4
2016,AUT,84.1,79.3,81.8
2016,BEL,84,79,81.5
2016,BGR,78.5,71.3,74.9
2016,BRA,77.6,71.1,74.3
2016,CAN,84,79.9,82
2016,CHE,85.6,81.7,83.7
2016,CHL,82.9,77.2,80
2016,CHN,79.8,74.4,77
2016,COL,79.1,72.5,75.7
2016,CRI,82.6,77.5,80
2016,CZE,82.1,76.1,79.1
2016,DEU,83.5,78.6,81
2016,DNK,82.8,79,80.9
2016,ESP,86.3,80.5,83.5
2016,EST,82.2,73.3,78
2016,FIN,84.4,78.6,81.5
2016,FRA,85.8,79.5,82.7
2016,GBR,82.9,79.2,81
2016,GRC,84,78.9,81.5
2016,HRV,81.3,75,78.2
2016,HUN,79.7,72.6,76.2
2016,IDN,71.6,67.8,69.7
2016,IND,71.1,68.3,69.6
2016,IRL,83.6,79.8,81.7
2016,ISL,84.1,80.4,82.2
2016,ISR,84.2,80.7,82.5
2016,ITA,85.6,81,83.4
2016,JPN,87.1,81,84.1
2016,KOR,85.4,79.3,82.4
2016,LTU,80.1,69.5,74.9
2016,LUX,85.4,80.1,82.7
2016,LVA,79.6,69.8,74.9
2016,MEX,77.7,72,74.8
2016,NLD,83.2,80,81.7
2016,NOR,84.2,80.7,82.5
2016,NZL,83.4,79.8,81.6
2016,PER,77.7,73.6,75.6
2016,POL,82,73.9,78
2016,PRT,84.3,78.1,81.3
2016,ROU,79,71.6,75.2
2016,RUS,77.1,66.5,71.8
2016,SVK,80.7,73.8,77.3
2016,SVN,84.3,78.2,81.2
2016,SWE,84.1,80.6,82.4
2016,TUR,80.7,75.3,78
2016,USA,81.1,76.2,78.7
2016,ZAF,66.8,60.7,64
2017,ARG,79.7,72.9,76.3
2017,AUS,84.6,80.5,82.5
2017,AUT,84,79.4,81.7
2017,BEL,83.9,79.2,81.6
2017,BGR,78.4,71.4,74.8
2017,BRA,77.8,71.1,74.4
2017,CAN,84,79.8,81.9
2017,CHE,85.6,81.6,83.7
2017,CHL,83,77.4,80.2
2017,CHN,80.1,74.6,77.2
2017,COL,79.3,72.7,75.9
2017,CRI,82.7,77.6,80.2
2017,CZE,82,76.1,79.1
2017,DEU,83.4,78.7,81.1
2017,DNK,83.1,79.2,81.1
2017,ESP,86.1,80.6,83.4
2017,EST,82.6,73.8,78.4
2017,FIN,84.5,78.9,81.7
2017,FRA,85.7,79.6,82.7
2017,GBR,83,79.3,81.1
2017,GRC,83.9,78.8,81.4
2017,HRV,81,74.9,78
2017,HUN,79.3,72.5,76
2017,IDN,71.8,67.9,69.8
2017,IND,71.5,68.8,70.1
2017,IRL,84,80.4,82.2
2017,ISL,84.3,81.1,82.6
2017,ISR,84.6,80.6,82.7
2017,ITA,85.2,80.8,83.1
2017,JPN,87.3,81.1,84.2
2017,KOR,85.7,79.7,82.7
2017,LTU,80.5,70.7,75.8
2017,LUX,84.4,79.9,82.1
2017,LVA,79.7,69.8,74.9
2017,MEX,77.8,72,74.9
2017,NLD,83.4,80.2,81.8
2017,NOR,84.3,81,82.7
2017,NZL,83.4,79.9,81.7
2017,PER,78,73.7,75.8
2017,POL,81.8,73.9,77.8
2017,PRT,84.6,78.4,81.6
2017,ROU,79,71.6,75.2
2017,RUS,77.6,67.5,72.6
2017,SVK,80.7,73.8,77.3
2017,SVN,84,78.2,81.2
2017,SWE,84.1,80.8,82.5
2017,TUR,80.8,75.3,78.1
2017,USA,81.1,76.1,78.6
2017,ZAF,67.8,61.3,64.7
2018,ARG,80.1,73.5,76.8
2018,AUS,84.9,80.7,82.7
2018,AUT,84.1,79.4,81.8
2018,BEL,83.9,79.4,81.7
2018,BGR,78.6,71.5,75
2018,BRA,78,71.6,74.8
2018,CAN,84,79.8,81.9
2018,CHE,85.7,81.9,83.8
2018,CHL,83.2,77.7,80.4
2018,CHN,80.3,74.4,77.2
2018,COL,79.8,73.3,76.5
2018,CRI,82.9,77.8,80.3
2018,CZE,82,76.2,79.1
2018,DEU,83.3,78.6,81
2018,DNK,82.9,79.1,81
2018,ESP,86.3,80.7,83.5
2018,EST,82.7,74,78.5
2018,FIN,84.5,79.1,81.8
2018,FRA,85.8,79.7,82.8
2018,GBR,82.9,79.2,81.1
2018,GRC,84.4,79.3,81.9
2018,HRV,81.5,74.9,78.2
2018,HUN,79.6,72.7,76.2
2018,IDN,71.9,68,69.9
2018,IND,71.9,69.2,70.5
2018,IRL,84.1,80.4,82.2
2018,ISL,84.5,81.3,82.9
2018,ISR,84.8,80.9,82.9
2018,ITA,85.6,81.2,83.4
2018,JPN,87.3,81.3,84.3
2018,KOR,85.7,79.7,82.7
2018,LTU,80.7,70.9,76
2018,LUX,84.6,80.1,82.3
2018,LVA,79.7,70.1,75.1
2018,MEX,77.9,72.2,75
2018,NLD,83.4,80.3,81.9
2018,NOR,84.5,81.1,82.8
2018,NZL,83.5,80,81.7
2018,PER,78.1,73.7,75.9
2018,POL,81.7,73.7,77.7
2018,PRT,84.5,78.3,81.5
2018,ROU,79.2,71.7,75.3
2018,RUS,77.8,67.8,72.8
2018,SVK,80.8,73.9,77.4
2018,SVN,84.4,78.5,81.5
2018,SWE,84.3,80.9,82.6
2018,TUR,81,75.6,78.3
2018,USA,81.2,76.2,78.7
2018,ZAF,68.4,62,65.4
2019,ARG,80.3,73.6,77
2019,AUS,85,80.9,82.9
2019,AUT,84.2,79.7,82
2019,BEL,84.3,79.8,82.1
2019,BGR,78.8,71.6,75.1
2019,BRA,78.3,72,75.1
2019,CAN,84.4,80.2,82.3
2019,CHE,85.8,82.1,84
2019,CHL,83.4,77.9,80.6
2019,CHN,80.6,75,77.7
2019,COL,79.9,73.5,76.6
2019,CRI,83,77.9,80.5
2019,CZE,82.2,76.4,79.3
2019,DEU,83.7,79,81.3
2019,DNK,83.5,79.5,81.5
2019,ESP,86.7,81.1,84
2019,EST,83,74.5,79
2019,FIN,84.8,79.3,82.1
2019,FRA,85.9,79.9,83
2019,GBR,83.3,79.6,81.4
2019,GRC,84.2,79.2,81.7
2019,HRV,81.6,75.5,78.6
2019,HUN,79.7,73.1,76.5
2019,IDN,72.4,68.3,70.3
2019,IND,72.1,69.4,70.7
2019,IRL,84.7,80.8,82.8
2019,ISL,84.7,81.7,83.2
2019,ISR,84.7,81,82.9
2019,ITA,85.7,81.4,83.6
2019,JPN,87.4,81.4,84.4
2019,KOR,86.3,80.3,83.3
2019,LTU,81.2,71.6,76.5
2019,LUX,85.2,80.2,82.7
2019,LVA,80.1,70.9,75.7
2019,MEX,78,72.2,75.1
2019,NLD,83.7,80.6,82.2
2019,NOR,84.7,81.3,83
2019,NZL,83.9,80.3,82.1
2019,PER,78.3,73.8,76
2019,POL,81.9,74.1,78
2019,PRT,84.8,78.7,81.9
2019,ROU,79.5,71.9,75.6
2019,RUS,78.2,68.2,73.2
2019,SVK,81.2,74.3,77.8
2019,SVN,84.5,78.7,81.6
2019,SWE,84.8,81.5,83.2
2019,TUR,81.3,75.9,78.6
2019,USA,81.4,76.3,78.8
2019,ZAF,68.7,62.2,65.7
2020,ARG,80.7,73.9,77.3
2020,AUS,85.3,81.2,83.2
2020,AUT,83.6,78.9,81.3
2020,BEL,83,78.5,80.8
2020,BGR,77.5,70,73.6
2020,BRA,78.5,72.2,75.3
2020,CAN,84,79.5,81.7
2020,CHE,85.1,81,83.1
2020,CHL,83.6,78.1,80.8
2020,CHN,80.8,75.3,78
2020,COL,80,73.6,76.7
2020,CRI,83.2,78.1,80.6
2020,CZE,81.3,75.3,78.3
2020,DEU,83.5,78.7,81.1
2020,DNK,83.6,79.7,81.6
2020,ESP,85.2,79.6,82.4
2020,EST,83,74.4,78.9
2020,FIN,84.8,79.2,82
2020,FRA,85.3,79.2,82.3
2020,GBR,82.4,78.4,80.4
2020,GRC,83.9,78.8,81.4
2020,HRV,80.9,74.7,77.8
2020,HUN,79,72.3,75.7
2020,IDN,72.6,68.5,70.5
2020,IND,72.4,69.5,70.9
2020,IRL,84.4,80.8,82.6
2020,ISL,84.6,81.6,83.1
2020,ISR,84.8,80.6,82.7
2020,ITA,84.5,80,82.3
2020,JPN,87.7,81.6,84.6
2020,KOR,86.5,80.5,83.5
2020,LTU,80.1,70.1,75.1
2020,LUX,84.5,79.9,82.2
2020,LVA,80,70.6,75.5
2020,MEX,78.1,72.4,75.2
2020,NLD,83.1,79.7,81.4
2020,NOR,84.9,81.6,83.3
2020,NZL,84.1,80.5,82.3
2020,PER,78.5,73.9,76.2
2020,POL,80.7,72.5,76.5
2020,PRT,84.1,78,81.1
2020,ROU,78.3,70.4,74.2
2020,SVK,80.4,73.5,77
2020,SVN,83.4,77.8,80.6
2020,SWE,84.2,80.6,82.4
2020,USA,79.9,74.2,77
2020,ZAF,69.1,62.8,66.2
2021,ARG,79.3,72.5,75.9
2021,AUS,85.4,81.3,83.3
2021,AUT,83.7,78.8,81.3
2021,BEL,84.3,79.4,81.9
2021,BGR,75.1,68,71.4
2021,BRA,77.4,70.7,74
2021,CAN,84,79.3,81.6
2021,CHE,85.8,81.8,83.9
2021,CHL,83.8,78.3,81
2021,CHN,81.1,75.3,78.1
2021,COL,80,73.7,76.8
2021,CRI,83.3,78.2,80.8
2021,CZE,80.5,74.1,77.2
2021,DEU,83.3,78.4,80.8
2021,DNK,83.3,79.6,81.5
2021,ESP,86.2,80.4,83.3
2021,EST,81.4,72.7,77.2
2021,FIN,84.6,79.3,81.9
2021,FRA,85.5,79.3,82.4
2021,GRC,82.9,77.4,80.2
2021,HRV,79.8,73.6,76.7
2021,HUN,77.8,70.7,74.3
2021,IDN,71,66.7,68.8
2021,IND,71.8,68.6,70.2
2021,IRL,84.3,80.5,82.4
2021,ISL,84.6,81.8,83.2
2021,ISR,84.6,80.5,82.6
2021,ITA,84.9,80.5,82.7
2021,JPN,87.6,81.5,84.5
2021,KOR,86.6,80.6,83.6
2021,LTU,78.8,69.5,74.2
2021,LUX,84.8,80.5,82.7
2021,LVA,78,68.2,73.1
2021,MEX,78.2,72.5,75.4
2021,NLD,83,79.7,81.4
2021,NOR,84.7,81.7,83.2
2021,NZL,84,80.5,82.3
2021,PER,76.8,70.8,73.7
2021,POL,79.6,71.6,75.5
2021,PRT,84.4,78.5,81.5
2021,ROU,76.6,69.2,72.8
2021,SVK,78.2,71.2,74.6
2021,SVN,83.8,77.7,80.7
2021,SWE,84.9,81.3,83.1
2021,USA,79.3,73.5,76.4
2021,ZAF,68,62.2,65.3
2022,ARG,78.6,72.2,75.4
2022,AUT,83.5,78.8,81.1
2022,BEL,83.9,79.6,81.8
2022,BGR,78.1,70.8,74.3
2022,BRA,76,69.6,72.8
2022,CHE,85.4,81.6,83.5
2022,CHL,84,78.5,81.2
2022,CHN,81.2,75.5,78.2
2022,COL,80.1,73.8,76.9
2022,CRI,83.5,78.3,80.9
2022,CZE,82,76.2,79.1
2022,DEU,,,80.7
2022,DNK,83.2,79.5,81.3
2022,ESP,85.9,80.4,83.2
2022,EST,82.4,73.7,78.2
2022,FIN,83.8,78.7,81.2
2022,FRA,85.2,79.4,82.3
2022,GRC,83.3,78.1,80.7
2022,HRV,80.8,74.6,77.7
2022,HUN,79.5,72.7,76.2
2022,IDN,69.7,65.5,67.6
2022,IND,68.9,65.8,67.2
2022,ISL,83.4,81,82.1
2022,ISR,84.9,80.9,82.9
2022,ITA,85,80.9,83
2022,LTU,80.3,71.5,76
2022,LUX,85.3,80.9,83
2022,LVA,79.6,69.8,74.8
2022,NLD,83.2,80.3,81.7
2022,NOR,84.2,81,82.6
2022,PER,74.7,70.1,72.4
2022,POL,81.3,73.5,77.4
2022,PRT,84.5,78.8,81.7
2022,ROU,79.3,71.5,75.3
2022,SVK,80.6,73.7,77.2
2022,SVN,84.1,78.6,81.3
2022,SWE,84.8,81.5,83.1
2022,ZAF,65,59.5,62.3
